employee_id,first_name,last_name,hire_date,termination_date,region_id,department_id
1,Samantha,Ramos,10/11/2022,,3,1
2,David,Schultz,9/8/2021,,1,2
3,Tina,Kelly,27/03/2021,4/3/2024,3,5
4,Victoria,Simpson,10/4/2022,7/3/2024,2,1
5,Lauren,Hernandez,15/01/2022,1/11/2024,1,5
6,Brooke,Bray,19/05/2023,,1,5
7,Brian,Ortega,26/10/2020,,2,3
8,Justin,Hendricks,20/05/2021,,1,2
9,Julie,Cameron,17/10/2021,,2,2
10,Ariel,Zimmerman,30/07/2023,21/06/2024,3,1
11,Hannah,Patel,27/06/2023,,1,3
12,Lucas,Barnett,25/06/2020,,4,4
13,Mark,Rich,17/07/2024,19/09/2024,4,4
14,Mitchell,Cruz,19/05/2021,,1,5
15,Richard,Higgins,23/04/2022,,2,2
16,Martha,Fuentes,29/10/2022,,1,2
17,Barbara,Campbell,9/6/2022,,4,2
18,Dennis,West,3/7/2021,,2,4
19,Lisa,Shields,7/1/2024,,2,3
20,Douglas,Cooper,12/10/2024,,3,1
21,Holly,Kim,9/4/2023,,1,2
22,Maria,Johnson,6/9/2021,,2,5
23,Alexander,Leon,8/11/2024,,2,1
24,Jennifer,Meadows,12/3/2021,,1,3
25,Eric,Mosley,17/08/2021,,1,5
26,Derrick,Taylor,25/07/2020,,2,4
27,Henry,Park,1/10/2020,3/7/2024,4,4
28,Rachel,Carter,27/01/2024,,1,5
29,Angela,Jennings,30/07/2023,,3,4
30,Diane,Winters,23/09/2020,,2,2
31,Antonio,Lee,19/10/2021,19/03/2024,1,4
32,Kristin,Waters,9/8/2021,,1,1
33,Cynthia,Baker,24/03/2021,,1,4
34,Angela,Mcgee,8/11/2024,,2,5
35,Lauren,Jones,5/2/2023,,3,5
36,Blake,Smith,11/10/2024,,1,1
37,Carrie,Dennis,12/4/2024,,3,3
38,Alexis,Sharp,30/06/2020,,2,3
39,Briana,Scott,4/4/2023,,2,3
40,Amanda,Horton,8/11/2024,,3,5
41,Jill,Crawford,3/4/2024,,4,3
42,Todd,Chandler,19/07/2022,,3,2
43,Lauren,Conley,19/04/2024,,3,5
44,Richard,Kennedy,23/05/2024,,4,1
45,James,Jordan,19/10/2021,,2,1
46,Bradley,Johnson,15/04/2020,,4,3
47,Matthew,Long,23/09/2024,,1,5
48,Todd,Davis,28/12/2023,,1,4
49,Anna,Estes,3/8/2021,,4,5
50,Courtney,Shaffer,29/11/2023,,1,4
51,Marilyn,Byrd,19/05/2021,,1,5
52,Frank,Logan,12/10/2024,,2,2
53,Larry,Olson,11/6/2024,,3,2
54,Nicholas,Hendrix,2/3/2024,,2,3
55,Sonia,Green,7/2/2022,,3,1
56,Jeremy,Vega,23/09/2020,,1,1
57,Christopher,Hernandez,23/01/2024,10/9/2024,1,2
58,Justin,Lynch,8/9/2022,,3,1
59,Craig,Peterson,10/3/2023,29/11/2024,4,3
60,Stephanie,Nguyen,14/02/2020,,1,4
61,Kimberly,Cruz,23/07/2022,,1,5
62,Matthew,Bush,15/11/2024,,1,4
63,Kristen,Bullock,17/12/2022,,1,1
64,Alexandra,Ward,27/05/2023,,2,4
65,Theodore,Green,9/2/2021,13/09/2024,3,1
66,James,Hayes,27/03/2023,,3,1
67,Ryan,Brown,26/06/2024,3/11/2024,1,4
68,Brian,Perez,21/11/2024,,1,4
69,Anita,Summers,15/09/2022,,4,4
70,John,Rodriguez,14/02/2022,20/04/2024,4,1
71,Allison,Oneal,16/11/2020,,4,1
72,Margaret,Walker,12/1/2021,,4,2
73,William,Goodman,25/06/2024,,2,2
74,James,Bell,23/01/2021,,4,2
75,Laura,Orozco,12/3/2023,,4,3
76,Renee,Lawson,7/5/2023,,3,3
77,Melissa,Blanchard,21/04/2023,,4,5
78,Connie,Hardin,23/11/2021,,2,2
79,Michael,Padilla,22/09/2024,,4,5
80,Brandi,Baldwin,5/12/2020,29/04/2024,1,3
81,Chris,Ferguson,22/06/2020,,3,5
82,Elizabeth,Chen,15/08/2024,,3,1
83,Samantha,Parker,26/11/2022,1/3/2024,1,2
84,Tiffany,Garcia,9/2/2021,,1,2
85,Jeremy,Johnson,17/07/2022,,4,5
86,Ashley,Smith,15/09/2023,10/8/2024,3,5
87,Christian,Smith,10/10/2023,,3,5
88,Caitlin,House,7/10/2021,,4,2
89,Mary,Pham,4/6/2023,,2,3
90,Ashley,Jones,17/07/2023,,3,3
91,Melissa,Oneal,17/03/2023,5/12/2024,4,1
92,John,Reyes,21/12/2023,,3,5
93,Jeffrey,Martin,19/04/2023,,1,2
94,Julie,Shields,21/01/2024,,1,3
95,Scott,Chase,19/03/2024,,4,3
96,John,Booker,26/07/2021,,2,5
97,Paul,Santos,24/10/2023,7/10/2024,3,5
98,Caitlin,Moore,14/03/2022,,4,3
99,Michelle,English,14/03/2024,,1,2
100,Danny,Powell,7/4/2023,,4,5
101,Patrick,Moore,10/10/2021,,1,2
102,Robin,James,18/12/2023,,1,3
103,Cynthia,Rocha,26/12/2021,14/06/2024,1,1
104,Bryan,Robinson,27/04/2022,7/2/2024,2,3
105,Lisa,Underwood,13/02/2023,,2,2
106,Kimberly,Gray,25/01/2023,,1,4
107,Spencer,Howard,7/5/2022,9/12/2024,2,1
108,Daryl,Marshall,17/09/2020,,4,2
109,Laura,Heath,1/11/2020,,4,5
110,Matthew,Bates,13/05/2022,,2,1
111,Daniel,Morales,17/06/2021,,4,1
112,Jonathan,Watts,23/06/2022,,1,2
113,Shannon,Shaw,6/5/2023,,2,5
114,Sarah,Robinson,26/09/2020,,2,5
115,Aaron,Greene,20/12/2022,,4,2
116,Sherry,Wilkins,14/10/2024,,4,2
117,Amanda,Powell,1/4/2022,,1,3
118,Margaret,Herrera,7/10/2023,,2,2
119,Chase,Lowery,6/8/2020,,3,1
120,Thomas,Bernard,27/08/2023,,1,4
121,Colin,Jackson,9/5/2021,,4,4
122,Paul,Hunt,24/04/2023,,4,2
123,Melissa,Daniel,30/07/2024,,3,4
124,Matthew,Stein,27/02/2021,,4,3
125,Paul,Stevens,17/09/2024,,3,5
126,Brandi,Obrien,4/8/2021,,1,3
127,Eric,Velasquez,2/6/2020,25/01/2024,4,3
128,Elizabeth,Frazier,11/8/2022,,3,3
129,Christopher,Williams,12/7/2020,,2,5
130,Nathan,Weaver,14/03/2024,,1,5
131,Nancy,Mora,1/9/2021,12/3/2024,1,4
132,Carol,Smith,12/7/2021,,4,5
133,Maria,Keith,23/11/2020,,4,2
134,Pamela,Watts,16/05/2020,,1,3
135,Tony,Berry,6/1/2020,,3,1
136,Matthew,Nguyen,28/02/2022,,2,3
137,Julia,Garcia,16/07/2022,,2,3
138,Sheila,Tyler,28/08/2020,,1,4
139,Christine,Edwards,27/03/2021,,4,5
140,Joel,Myers,4/11/2024,,2,1
141,Robert,Hurley,10/6/2023,,1,5
142,Jessica,Bryant,12/6/2023,,2,4
143,Danny,Smith,28/03/2024,,1,4
144,Justin,Sullivan,5/10/2024,,4,2
145,Paula,Smith,5/7/2020,,1,5
146,Anne,Ramos,29/07/2020,,4,2
147,Troy,Diaz,7/7/2022,17/11/2024,1,2
148,Keith,Holland,7/5/2021,,1,4
149,Joshua,Dalton,21/09/2022,,3,4
150,Hannah,Mcintosh,17/06/2024,,3,2
151,Melinda,Zhang,19/01/2024,,2,4
152,Andrew,Parsons,29/06/2021,,3,1
153,Jessica,Morgan,13/05/2024,,4,1
154,Sandra,Gonzalez,17/01/2022,,1,5
155,Justin,Day,13/03/2022,,3,1
156,Omar,Ross,11/1/2020,,4,5
157,Andrew,Glenn,27/04/2023,,3,4
158,Ana,Rivera,5/11/2023,,3,5
159,Caitlin,George,31/12/2022,,4,4
160,Matthew,Powell,19/04/2024,,3,4
161,Thomas,Anderson,4/11/2023,,3,3
162,Nancy,Pacheco,11/1/2023,,3,2
163,Gregory,Ferguson,5/3/2020,,1,3
164,Jeffery,Elliott,11/10/2024,28/10/2024,2,5
165,Geoffrey,Hull,13/01/2020,,1,4
166,Jennifer,Cooper,4/6/2020,,3,1
167,Spencer,Brown,10/7/2020,,2,4
168,Matthew,Young,14/12/2023,,1,4
169,Jessica,Lee,17/10/2021,,3,1
170,Emily,Baker,2/6/2021,,3,4
171,Nicholas,Howard,12/3/2022,,4,3
172,Timothy,Sanchez,24/07/2020,,4,4
173,Mike,Miller,17/03/2021,,3,5
174,Bruce,Gould,8/2/2024,,2,3
175,Lisa,Murphy,18/04/2022,,1,3
176,Katherine,Hubbard,18/01/2023,,3,2
177,Christine,Dickson,25/11/2021,,4,5
178,Nathan,Mills,20/12/2020,,4,5
179,Scott,Booker,10/3/2020,15/08/2024,1,4
180,Monica,Reilly,18/08/2022,,2,1
181,Raymond,Hatfield,29/03/2021,,2,4
182,Ashley,White,11/3/2022,,3,4
183,Hannah,Ortega,27/01/2024,,4,4
184,Christian,Hess,22/03/2022,,1,1
185,Timothy,Bates,24/05/2024,,1,3
186,Carl,King,18/12/2020,,1,1
187,James,Mitchell,27/03/2023,,4,2
188,Phillip,Woods,23/08/2024,5/9/2024,3,2
189,Gregory,Clark,7/11/2024,,3,5
190,Pamela,George,25/10/2023,,2,3
191,Daniel,Daniels,5/4/2021,,1,5
192,Aaron,Morris,2/4/2022,,3,2
193,John,Golden,6/2/2022,,1,1
194,Kenneth,Miller,22/01/2020,,3,4
195,Jacob,Chandler,27/01/2021,,3,1
196,Corey,Bates,12/1/2024,14/08/2024,4,2
197,John,Mann,14/07/2022,,3,5
198,Amy,Rhodes,26/12/2020,,3,5
199,Jennifer,Mayer,5/7/2021,,2,4
200,Deborah,Freeman,29/05/2024,4/7/2024,1,3
201,Derek,Wolf,11/2/2022,15/12/2024,2,4
202,Kathleen,Glass,3/1/2022,,4,4
203,Jodi,Robinson,15/01/2020,,2,5
204,David,Smith,21/04/2023,,1,5
205,Caleb,Hernandez,11/4/2021,,2,5
206,Amanda,Fletcher,8/2/2020,,4,1
207,Kristy,Cummings,5/4/2023,,2,4
208,Daniel,Cardenas,27/07/2024,4/12/2024,3,3
209,Samuel,Miranda,20/10/2021,,4,2
210,Melissa,Craig,3/10/2021,,2,3
211,Anthony,Garner,26/06/2021,,4,3
212,Michael,Jones,7/1/2024,25/03/2024,3,2
213,Samantha,Castro,16/07/2021,,3,4
214,Jose,Jackson,15/06/2020,,1,4
215,Eric,Davidson,19/11/2023,15/06/2024,2,1
216,Andrea,Anderson,9/7/2024,,1,2
217,Richard,Cruz,11/11/2021,,3,4
218,Christopher,Myers,15/07/2021,,2,5
219,Joseph,Torres,3/7/2024,,3,3
220,Justin,Khan,28/03/2021,,1,2
221,Beverly,Owens,25/11/2021,,3,2
222,Rebecca,Mcbride,16/06/2023,,3,3
223,Elizabeth,Contreras,14/09/2020,,4,5
224,Penny,Williams,7/8/2022,,4,2
225,John,Rodriguez,11/9/2022,25/04/2024,2,3
226,Luis,Jackson,3/11/2023,20/03/2024,3,3
227,Cesar,Ibarra,28/03/2024,,1,3
228,Adam,Chapman,30/11/2021,27/11/2024,1,4
229,April,Thompson,30/09/2024,,1,3
230,Nathan,Hammond,10/8/2020,,2,2
231,Charles,Wilson,26/09/2023,16/07/2024,1,4
232,Garrett,Green,4/6/2022,29/02/2024,1,4
233,Robert,Harris,19/11/2024,,3,1
234,Rhonda,Larson,16/11/2024,9/12/2024,4,3
235,Mary,Richardson,20/06/2020,,1,5
236,Karen,Spencer,28/06/2023,,3,5
237,Monica,Zuniga,24/08/2022,,3,4
238,Joyce,Flores,29/04/2024,,1,5
239,Colleen,Davis,21/08/2021,16/09/2024,2,5
240,Jean,Carter,11/9/2020,,4,1
241,Alexander,Hopkins,24/11/2022,,1,2
242,Natalie,Johnson,13/07/2024,,1,2
243,Danielle,Yates,1/11/2020,,1,1
244,Jasmine,Pope,26/09/2020,,3,4
245,Catherine,Marquez,10/1/2023,,1,3
246,Laura,Fox,18/05/2021,,2,2
247,Christopher,Lawrence,5/12/2022,,3,5
248,Justin,Watkins,25/06/2020,5/4/2024,4,4
249,David,Hardin,22/07/2022,,1,2
250,Emily,Thomas,29/10/2023,23/09/2024,4,1
251,Michael,Todd,1/5/2020,,3,5
252,Richard,Lewis,23/04/2020,,3,3
253,Courtney,Ramos,27/09/2023,,2,3
254,Shannon,Johnson,6/10/2020,,4,5
255,Melissa,Burns,11/9/2023,15/07/2024,2,5
256,Valerie,Curtis,5/1/2024,,2,3
257,Kimberly,King,29/03/2023,,1,2
258,Amy,Mitchell,14/11/2021,,4,5
259,Christopher,Hartman,29/01/2022,,1,3
260,Jessica,Cox,12/3/2022,,3,2
261,Mario,Peterson,17/09/2023,,3,3
262,Brittany,Williams,9/4/2022,,3,4
263,Robin,Clay,26/05/2022,,2,4
264,Shawn,Perez,16/07/2020,,3,2
265,Jennifer,Robbins,26/05/2024,,3,3
266,Joe,Alexander,17/08/2021,28/06/2024,2,5
267,Elizabeth,Baldwin,5/8/2023,,1,3
268,Courtney,Miller,15/04/2023,,4,4
269,Lori,Richardson,21/06/2020,,4,1
270,Madeline,Perez,15/12/2022,5/2/2024,3,4
271,Jose,Perez,22/12/2022,,3,5
272,Aaron,Gomez,9/7/2021,,3,1
273,Daisy,Griffith,2/7/2021,,3,3
274,Jennifer,Allen,10/5/2023,2/1/2024,3,1
275,Joseph,Nunez,1/12/2022,,3,2
276,David,Green,4/11/2023,,2,1
277,Kristen,Ford,5/2/2024,,1,1
278,Ricky,Wilcox,18/01/2022,,1,2
279,Kristin,Scott,10/5/2020,,3,5
280,Erica,Bryant,4/4/2021,,2,4
281,Fred,Rice,15/08/2021,12/11/2024,1,5
282,James,Barber,9/7/2024,,1,5
283,Logan,Alexander,9/7/2024,,4,1
284,Lisa,Garner,14/12/2021,,3,4
285,Jennifer,Jenkins,13/05/2024,,3,3
286,Eric,Bond,22/07/2023,,1,3
287,Curtis,Sanders,25/03/2024,,3,4
288,Jeremiah,Welch,15/12/2023,,2,4
289,Patricia,Robinson,18/04/2021,,3,5
290,Mary,Burgess,20/03/2020,,4,2
291,Joshua,Buchanan,31/05/2020,,1,4
292,James,Dixon,7/4/2023,,3,1
293,Steve,Sawyer,11/8/2022,,2,4
294,Cory,Taylor,5/10/2022,,3,2
295,Pamela,Morrison,15/01/2020,,1,5
296,Krystal,Hawkins,11/10/2020,,2,1
297,Ashley,Lopez,1/5/2024,,2,5
298,Nathaniel,Dennis,8/6/2024,,1,2
299,Amy,Thomas,31/03/2021,25/09/2024,3,2
300,Alejandro,Noble,3/10/2024,,3,3
301,Heather,Obrien,2/3/2022,,3,1
302,Katie,Frederick,10/8/2023,,4,5
303,Melanie,Williams,18/07/2020,,2,4
304,James,Vasquez,1/10/2020,,1,1
305,Monique,Peters,8/11/2021,,3,3
306,Laura,Delgado,22/11/2023,,3,4
307,Amanda,Joseph,5/10/2023,,3,1
308,Joseph,Garcia,10/7/2021,2/4/2024,3,1
309,Andrew,Owens,19/08/2023,,3,3
310,Kimberly,Todd,1/10/2024,,2,2
311,Dawn,Taylor,24/07/2022,,3,2
312,Stephanie,Watson,19/07/2023,,1,4
313,Grant,Contreras,21/12/2022,26/12/2024,1,5
314,Isabel,Young,9/8/2023,,2,3
315,Hayden,Beck,10/5/2023,,3,4
316,Charles,Stephens,31/01/2021,11/7/2024,3,2
317,Denise,Savage,30/01/2020,,4,5
318,Brendan,Cardenas,16/05/2022,,4,3
319,Edgar,Spears,8/3/2020,,2,4
320,Thomas,Buchanan,8/7/2024,,1,4
321,Samantha,Oliver,29/08/2023,21/05/2024,3,3
322,Manuel,Rodriguez,2/3/2024,,4,4
323,James,Ross,13/03/2020,,3,1
324,Antonio,Leblanc,21/03/2021,,3,3
325,Sharon,Thompson,7/3/2020,,1,3
326,Linda,Cherry,22/11/2020,,1,3
327,Robert,Davis,31/03/2023,,3,2
328,Alyssa,Hernandez,8/2/2024,,4,1
329,Christopher,Hamilton,15/08/2023,,2,5
330,Dennis,Smith,25/05/2023,,1,3
331,Robert,Reese,17/01/2023,28/05/2024,2,2
332,Amber,Larson,29/05/2024,,3,3
333,Laura,Escobar,10/2/2023,,4,2
334,Johnathan,Gomez,8/1/2023,,4,4
335,Ann,Rogers,16/09/2021,,1,3
336,Jessica,Valdez,2/7/2021,21/02/2024,2,1
337,Michael,Miller,10/6/2023,,4,4
338,Aaron,Knight,7/5/2024,6/8/2024,4,3
339,Gail,Wells,10/9/2021,,2,3
340,Bobby,Mullins,17/06/2021,,2,3
341,Emily,Saunders,12/9/2020,26/10/2024,4,3
342,Sydney,Matthews,14/05/2023,,1,1
343,Cynthia,Warner,30/06/2022,,4,3
344,Tina,Sanchez,27/08/2023,,1,1
345,Karen,Ball,1/3/2021,,2,3
346,Erica,Williams,11/9/2023,,1,1
347,Sergio,Richards,30/08/2021,28/02/2024,2,4
348,Carla,Mccall,22/10/2024,24/11/2024,1,5
349,Justin,Garcia,29/10/2021,,2,5
350,Erika,Williams,4/2/2023,,3,2
351,Thomas,Burton,8/4/2024,,3,4
352,David,Brown,11/5/2023,4/12/2024,4,3
353,Robin,Diaz,27/09/2023,,2,4
354,Jared,Lopez,1/2/2021,31/05/2024,1,3
355,Jessica,Smith,22/06/2020,,3,5
356,Mary,Nunez,15/11/2023,,3,1
357,Michelle,Harmon,15/07/2024,,1,1
358,Kimberly,Wiley,29/10/2021,,4,1
359,Shannon,Bass,5/8/2021,,3,5
360,Abigail,Wilson,11/11/2023,,1,3
361,Jacob,Frazier,7/5/2022,,1,5
362,Lindsay,Martin,23/06/2021,,4,5
363,Isaac,Mathis,30/10/2024,,1,2
364,Brian,Pham,12/10/2021,16/09/2024,1,5
365,Valerie,Rivers,28/03/2022,,4,2
366,Tonya,Bryant,9/4/2024,23/08/2024,3,2
367,Michael,Obrien,1/2/2020,2/11/2024,4,2
368,Lucas,Smith,17/06/2020,,3,2
369,Hannah,Simmons,19/04/2024,3/5/2024,1,3
370,Alexandra,Jacobs,20/01/2021,30/05/2024,3,5
371,Erin,Thompson,14/02/2021,,1,4
372,Thomas,Thompson,17/11/2024,,3,1
373,Benjamin,Phillips,16/10/2024,23/10/2024,1,5
374,Randy,Hall,6/11/2023,,3,5
375,Ashley,Lopez,13/01/2022,2/5/2024,3,1
376,Linda,Graham,27/11/2024,,2,4
377,Emily,Owen,5/8/2024,26/08/2024,1,4
378,Marcus,Wood,28/02/2021,4/1/2024,1,5
379,Christopher,Day,11/10/2021,,1,5
380,Isaac,Henry,29/06/2021,,3,3
381,Edgar,White,24/04/2024,,3,3
382,Andrea,Hall,15/03/2024,,3,1
383,Dale,Rice,26/10/2022,,1,5
384,Amy,Coffey,18/03/2022,,1,4
385,Judith,Evans,28/12/2022,,2,4
386,Gabriella,Larsen,8/2/2023,,3,3
387,Bradley,Berg,19/10/2023,,3,3
388,Taylor,Henderson,9/8/2024,4/9/2024,3,4
389,Jennifer,Page,8/6/2022,,4,1
390,Eric,Hayes,27/10/2023,,3,3
391,Corey,Brown,18/09/2020,,3,5
392,Jason,Martin,24/03/2022,,3,1
393,Alexandra,Oneal,30/06/2020,,4,4
394,Sabrina,Ford,12/8/2022,,3,3
395,Stacy,Banks,10/9/2023,,2,5
396,Amber,Banks,3/5/2022,,1,4
397,Daniel,Lynch,4/7/2023,,1,5
398,Joshua,Johnson,18/04/2022,,3,5
399,Travis,Simmons,23/07/2021,,2,5
400,William,Shelton,14/08/2022,,4,5
401,Beth,Garcia,23/05/2022,,3,5
402,Wayne,Mathews,24/02/2024,1/7/2024,4,3
403,Kathleen,Mitchell,22/06/2020,,1,3
404,Brittany,Conway,14/08/2021,,2,2
405,Ryan,Moran,5/11/2022,21/08/2024,3,4
406,Travis,Dominguez,14/07/2022,7/5/2024,3,1
407,Brenda,Macdonald,3/3/2021,,3,4
408,Leah,Morgan,11/12/2022,,2,3
409,Jennifer,Cannon,23/02/2020,,2,5
410,Amy,Miller,16/01/2021,,4,2
411,Jesse,Campbell,12/11/2024,,3,1
412,Cameron,Evans,3/2/2024,,3,4
413,Angel,Schultz,23/03/2020,,2,2
414,James,Clements,2/7/2022,27/09/2024,1,4
415,Richard,Krueger,7/6/2021,,3,5
416,Mary,Reynolds,7/1/2023,,3,1
417,Brian,Harris,26/02/2023,15/03/2024,4,1
418,Lauren,Sanders,25/09/2021,,2,2
419,Ian,Leonard,5/8/2021,,3,3
420,Anthony,Vasquez,12/2/2023,,1,4
421,Eric,Walker,8/11/2020,,2,2
422,Kevin,Garcia,28/11/2021,7/4/2024,4,3
423,Gary,Huffman,8/5/2024,,4,1
424,Nicholas,Warren,17/10/2020,,2,1
425,Kathryn,Massey,26/01/2023,,3,5
426,Scott,Alvarez,13/01/2024,6/12/2024,3,3
427,Tony,Richardson,17/12/2021,,1,3
428,Brent,Glass,27/10/2023,,4,4
429,Joel,Gibson,30/10/2022,,4,1
430,Teresa,Harper,10/10/2021,,1,4
431,Jessica,Harris,27/01/2021,,3,4
432,Christopher,Scott,9/7/2022,,3,2
433,Kristen,Johnson,20/12/2021,,1,5
434,Richard,Le,15/10/2021,,3,2
435,Steven,Rose,17/01/2022,,2,2
436,Raven,Walls,18/06/2020,,1,2
437,Victor,Myers,7/9/2022,,1,1
438,Brian,Parsons,24/04/2023,,3,4
439,David,Wilson,22/06/2022,,3,5
440,Steve,Foster,15/09/2021,,4,5
441,Wesley,Johnson,14/07/2020,,4,3
442,Samantha,Griffith,27/11/2024,,3,2
443,Ronald,Miller,5/4/2022,,2,3
444,Sara,Gutierrez,22/11/2022,,3,3
445,Daisy,Humphrey,25/11/2024,10/12/2024,2,4
446,Daniel,Shah,9/6/2020,10/9/2024,2,3
447,Maria,Crawford,17/06/2020,,4,1
448,Veronica,Edwards,13/12/2021,,3,4
449,Andrew,Johnson,12/3/2020,,4,1
450,Amanda,Garcia,26/08/2022,,4,2
451,Kimberly,Christensen,21/12/2021,,2,2
452,Sandra,Price,29/11/2023,,2,3
453,Antonio,Acosta,29/01/2023,10/6/2024,1,2
454,Thomas,Wang,15/07/2020,,3,4
455,Lisa,Johnson,22/08/2023,,3,3
456,Matthew,Rodgers,27/10/2020,,1,4
457,Susan,Singh,31/08/2023,,3,1
458,Emily,Smith,20/04/2020,,3,1
459,Susan,Martin,2/9/2021,,3,4
460,Logan,Williams,13/06/2021,,3,5
461,Maria,Hanna,27/05/2021,,2,5
462,Spencer,Myers,11/7/2023,,4,3
463,Allison,Santos,29/09/2020,22/09/2024,3,4
464,Kimberly,Taylor,2/1/2022,,3,1
465,Harold,Potter,9/8/2024,,2,3
466,Kristen,Davidson,7/7/2024,17/12/2024,3,5
467,James,Paul,29/05/2023,,3,5
468,Erica,Lopez,1/4/2023,,2,2
469,Austin,Ellison,14/07/2020,,2,4
470,Julie,Phillips,4/4/2020,7/2/2024,4,2
471,Walter,Peck,7/8/2024,,4,1
472,Thomas,Carpenter,16/05/2023,12/10/2024,3,5
473,Cynthia,Cantrell,4/12/2023,16/03/2024,2,5
474,Kevin,Miller,8/9/2021,,2,2
475,Danielle,Walters,18/05/2023,,3,5
476,Kristine,Woods,11/1/2023,1/10/2024,1,4
477,Matthew,Maynard,29/08/2020,,2,2
478,Sharon,Berger,7/2/2024,,3,4
479,David,Woods,7/9/2024,,1,4
480,Charles,Boyd,3/10/2020,,1,5
481,Crystal,Williams,17/11/2023,,2,3
482,Donald,Knight,20/07/2022,,3,4
483,Michelle,Stevenson,13/02/2020,29/10/2024,4,5
484,Matthew,Short,26/07/2020,,1,4
485,Amanda,Holder,22/12/2022,,3,1
486,Nathaniel,Walker,29/08/2021,,3,1
487,Kyle,Rodriguez,11/1/2021,,3,3
488,Robin,Strickland,19/10/2024,22/12/2024,3,4
489,James,Beltran,3/11/2024,,4,4
490,Danielle,Barker,15/02/2023,13/03/2024,4,4
491,Tiffany,Mccarthy,8/1/2022,,3,2
492,Michael,Hurley,5/5/2021,22/02/2024,1,2
493,Ronald,Johnson,23/08/2021,,4,3
494,Nicholas,George,20/09/2020,,1,3
495,Kylie,Stafford,3/12/2020,,2,2
496,Teresa,Hughes,4/4/2023,24/01/2024,2,5
497,Robert,Jenkins,5/12/2022,,1,3
498,Jeffrey,Matthews,16/05/2022,,1,5
499,Michael,West,6/6/2020,,1,3
500,Ronald,Wu,10/1/2021,,1,2
501,Willie,Ross,2/7/2021,5/1/2024,3,4
502,Bradley,Richardson,4/12/2022,,4,4
503,Benjamin,Allen,9/4/2020,,1,5
504,Steven,Cross,17/05/2020,,3,3
505,Marie,Farley,15/01/2020,,3,2
506,Erica,Hayes,12/2/2022,,1,1
507,Kimberly,Jones,7/5/2022,,2,5
508,Stephen,Reyes,6/7/2021,,3,5
509,Sarah,Walker,30/07/2023,6/1/2024,2,4
510,Melissa,Glover,25/09/2023,,2,3
511,Jennifer,Martin,25/02/2020,,1,1
512,Margaret,Collins,26/01/2021,,3,1
513,Dalton,Wilson,21/08/2022,14/06/2024,3,3
514,Nicole,Adams,15/02/2024,,2,3
515,Terri,Delacruz,16/11/2021,,1,4
516,Charles,Graham,25/12/2020,,2,2
517,Sarah,Guzman,12/11/2022,5/5/2024,1,4
518,Frank,Hampton,12/2/2022,,1,2
519,Lisa,Mcgee,19/10/2020,,2,3
520,Brandon,Hernandez,9/2/2023,,4,5
521,Christopher,Young,13/08/2022,,1,2
522,Melissa,Allen,21/11/2021,,4,1
523,Andrea,Smith,22/12/2020,,2,1
524,Anthony,Cobb,17/02/2021,,2,4
525,Lisa,Pena,30/07/2024,,4,4
526,Mark,Watkins,9/7/2020,,1,4
527,Jennifer,Williams,15/06/2022,,3,3
528,Kelly,Miller,27/09/2022,,3,1
529,Mary,White,19/05/2020,,4,2
530,James,Mejia,31/08/2024,,2,1
531,John,Thompson,19/10/2022,,1,4
532,Michael,Lynch,26/10/2022,,2,4
533,Christopher,Price,14/06/2020,,1,3
534,Matthew,Wilson,4/3/2022,28/10/2024,2,1
535,Kristin,Rocha,29/10/2021,,3,3
536,Michelle,Moreno,15/09/2020,,3,2
537,Richard,Flynn,8/2/2024,,1,5
538,Jacob,Johnson,5/5/2024,13/06/2024,2,2
539,Jason,Moore,15/02/2024,,3,3
540,Leslie,Johnson,1/2/2023,,4,1
541,Anna,Sharp,2/6/2023,,3,3
542,William,Neal,26/05/2022,2/11/2024,3,5
543,Laurie,Fowler,22/03/2020,,2,3
544,Earl,King,2/7/2022,17/02/2024,1,1
545,Trevor,Wilson,11/2/2021,,1,5
546,Angela,Fischer,2/6/2024,,3,3
547,Daniel,Smith,27/01/2022,,3,2
548,Kiara,Thompson,4/6/2023,,1,4
549,April,Mayo,27/12/2020,,1,1
550,Timothy,Rose,24/08/2021,,4,4
551,Adrian,Ryan,3/5/2020,,4,3
552,Alexander,Jordan,24/12/2020,,3,5
553,Leonard,Michael,18/09/2020,,4,2
554,Andrew,Brown,12/4/2023,,4,2
555,Mallory,Smith,13/02/2024,,3,1
556,Ronald,Stevens,8/3/2024,,3,2
557,Phillip,Mitchell,5/12/2020,,1,5
558,Austin,Brown,23/09/2022,21/11/2024,2,5
559,Emily,Lee,29/06/2023,,4,1
560,Kaitlyn,Odom,16/10/2021,,4,4
561,Juan,Flowers,24/06/2023,7/9/2024,3,5
562,Ronald,Hardin,29/08/2024,,4,1
563,Laurie,Perez,20/10/2021,8/8/2024,3,3
564,Michelle,Odom,22/09/2022,,4,5
565,Stacey,Taylor,3/1/2021,,1,2
566,Samantha,Wiggins,15/11/2021,,4,1
567,Sharon,Ramirez,11/11/2020,,3,3
568,Bradley,Ellis,21/01/2021,,2,2
569,Patricia,Vazquez,4/11/2020,,4,3
570,Eric,Salazar,22/09/2022,,1,5
571,Sandy,Foley,12/2/2023,,3,5
572,Kevin,Maldonado,13/10/2020,,3,2
573,Tamara,Jackson,4/1/2022,,3,2
574,Carl,Wallace,17/08/2022,,3,5
575,Zachary,Peterson,21/12/2022,,4,1
576,Megan,Morris,28/11/2020,,1,1
577,Cassidy,Hodge,21/02/2022,,3,3
578,Michael,Hunt,28/05/2023,,3,4
579,Kathryn,Watkins,11/9/2022,,1,5
580,Peter,Lee,2/3/2021,,4,4
581,Mary,Rodriguez,26/06/2024,,4,4
582,Kelly,Hancock,4/1/2023,,1,1
583,Randy,Hernandez,25/08/2020,,2,4
584,Keith,Jackson,16/09/2024,,3,3
585,Lucas,Smith,24/02/2020,,2,3
586,Brian,Wood,21/06/2023,,1,3
587,Lisa,Garcia,19/02/2021,,1,2
588,Ryan,Campbell,6/6/2020,6/5/2024,1,2
589,Leslie,Mitchell,3/4/2021,,1,4
590,Rebecca,Garcia,20/09/2024,,2,2
591,Mary,Ellison,1/7/2020,,4,3
592,Samuel,Lopez,12/5/2022,,1,5
593,Nicholas,Jackson,23/01/2020,30/03/2024,4,4
594,Tiffany,Evans,17/03/2024,,4,5
595,Annette,Gutierrez,12/9/2020,,1,5
596,Cindy,Barnes,25/12/2020,,1,4
597,Cody,Moss,1/1/2023,,4,4
598,Joel,Perez,31/05/2021,,1,1
599,Scott,Cervantes,30/10/2020,,4,3
600,John,Wright,13/08/2023,12/4/2024,2,4
601,Andre,Chapman,29/07/2022,,3,3
602,Patrick,Strong,18/09/2023,,1,5
603,Erin,Wall,19/12/2020,,3,5
604,Randy,Howard,31/12/2022,,1,1
605,James,Taylor,29/03/2020,,3,3
606,Matthew,Buck,16/01/2021,,2,2
607,Linda,Grimes,18/12/2021,31/01/2024,3,5
608,Bill,Mcclain,23/06/2024,,1,3
609,Peter,Smith,13/06/2021,,3,2
610,Jacob,Miller,22/04/2022,,3,3
611,Melissa,Walsh,29/03/2021,,2,4
612,John,Smith,17/11/2024,,3,3
613,Jennifer,Parker,19/09/2023,,3,5
614,Anthony,Ramirez,1/5/2023,,3,3
615,Joseph,Bryant,5/3/2022,,1,3
616,Kimberly,Kim,11/2/2022,,4,5
617,Austin,Thomas,14/05/2023,,4,1
618,Colin,Campbell,10/9/2020,,1,5
619,Todd,Green,18/07/2021,,3,5
620,Debra,Mcknight,27/04/2023,,3,5
621,Karen,Williams,24/05/2024,25/11/2024,2,2
622,Valerie,Vargas,26/05/2022,,4,1
623,Brandon,Berg,23/10/2021,,2,4
624,Kathryn,Clark,4/12/2020,,3,4
625,Ronnie,Foster,17/06/2024,,3,4
626,Lauren,Bryant,14/11/2023,,3,1
627,Victor,Murray,24/04/2021,,3,5
628,Shannon,Carter,31/03/2021,,3,5
629,Jared,Schneider,20/08/2023,,4,4
630,Heather,Jones,18/12/2021,,2,3
631,Nancy,Abbott,30/03/2024,,4,3
632,Benjamin,Rivera,16/05/2020,,1,2
633,Michael,Oliver,27/05/2021,,1,3
634,Jacob,Johns,9/5/2023,,3,4
635,Catherine,Williams,21/05/2023,,2,3
636,Oscar,Alvarez,17/08/2022,,3,5
637,Autumn,Garcia,15/11/2022,,4,3
638,Sarah,Calderon,30/05/2022,24/12/2024,4,3
639,Elizabeth,Jackson,11/5/2020,,4,1
640,Corey,Mitchell,6/1/2020,,2,3
641,Kathleen,Fernandez,26/11/2021,,1,5
642,Melanie,Spencer,16/09/2024,24/12/2024,3,3
643,Bryce,Martinez,9/9/2020,,3,5
644,Frances,Parker,8/4/2024,,1,5
645,Martin,Horne,9/6/2024,,1,1
646,Kathleen,Erickson,31/05/2023,,3,1
647,Monique,Edwards,5/11/2021,,1,5
648,Walter,Robinson,23/01/2024,,1,4
649,Denise,Taylor,26/07/2023,,1,3
650,Colin,Stokes,25/04/2020,,3,1
651,Stephanie,Thomas,10/1/2020,,1,1
652,Anna,Dudley,7/11/2021,,1,2
653,Monica,Castro,4/6/2021,,1,4
654,Mary,Moore,24/12/2023,,1,3
655,Christopher,Nguyen,6/3/2021,,1,5
656,Robin,Rodriguez,7/12/2020,,4,3
657,Andrew,Collins,23/11/2023,,4,5
658,Claudia,Preston,12/2/2021,,4,2
659,Jason,Williams,7/4/2021,,2,2
660,Harold,Vega,16/12/2023,,2,4
661,Hayley,Sherman,14/04/2020,,3,1
662,Veronica,Hoffman,22/12/2021,,3,5
663,Rodney,Baker,2/5/2020,,1,5
664,Angela,Grimes,25/11/2020,,4,4
665,Jose,Lopez,6/2/2024,,1,1
666,Linda,Thomas,2/5/2022,,1,3
667,Rodney,Garcia,1/9/2021,,1,4
668,John,House,26/09/2024,,3,3
669,Theresa,Potts,21/03/2022,,3,1
670,Kendra,Mccarthy,11/8/2023,21/08/2024,2,2
671,Lisa,Yang,6/3/2020,,1,3
672,Kara,Martinez,3/4/2024,,3,3
673,Bill,George,18/07/2020,,3,3
674,Thomas,Peterson,25/07/2021,,1,2
675,Devin,Berg,14/08/2021,,2,5
676,Tina,Gallegos,30/08/2023,,3,4
677,Brianna,Lopez,3/1/2024,,4,2
678,Michelle,Young,22/05/2024,,3,5
679,Jose,Hayes,22/10/2021,,1,4
680,Patrick,Sampson,25/12/2023,6/9/2024,2,5
681,William,Jones,20/12/2022,,4,5
682,Jennifer,Williams,26/04/2020,,3,2
683,Austin,Roberts,3/12/2023,,3,1
684,Margaret,Richards,24/08/2023,27/02/2024,3,4
685,Monica,Mccoy,21/09/2023,,3,1
686,Riley,Kim,10/11/2024,,3,4
687,April,Nelson,23/06/2023,,3,3
688,Richard,Hall,13/12/2021,,2,1
689,Andrea,Floyd,11/5/2022,,3,1
690,Candace,Lynch,10/12/2022,,3,5
691,Adam,Goodwin,12/11/2020,,4,1
692,Michael,Ferguson,12/4/2021,,2,3
693,Donna,Mercer,26/04/2022,,3,4
694,Kathy,King,13/09/2021,,4,4
695,Jaime,Williams,13/03/2024,4/9/2024,4,4
696,Sheila,Hill,20/10/2022,4/2/2024,4,5
697,Gina,Cunningham,24/05/2021,,4,1
698,Leslie,Smith,31/01/2022,9/10/2024,3,5
699,Joan,Lin,13/03/2022,,4,1
700,Madison,Diaz,12/5/2023,,4,4
701,David,Barnett,28/03/2020,,3,5
702,Angela,Byrd,12/5/2024,,1,4
703,Eric,Brown,8/9/2022,8/1/2024,1,1
704,Adrian,Espinoza,31/01/2020,,3,5
705,Brian,Martinez,29/04/2022,,4,1
706,Tina,Carlson,11/7/2024,5/10/2024,1,5
707,Thomas,Williams,28/12/2022,,3,1
708,Jane,Jimenez,22/08/2021,,1,4
709,Sandra,Montoya,2/5/2024,22/09/2024,1,1
710,Samantha,Davis,16/06/2023,,4,2
711,Kathryn,Leonard,31/10/2023,,3,3
712,Melissa,Salazar,29/03/2020,,3,3
713,Amanda,Clements,11/7/2021,,4,5
714,Rachel,Ponce,12/7/2020,,2,1
715,Lori,Nelson,30/09/2021,,3,2
716,Tammie,Griffith,28/09/2022,12/6/2024,2,4
717,Kathryn,Jones,25/11/2024,,2,4
718,Bailey,Meadows,19/03/2021,,2,4
719,Christopher,Graves,23/01/2020,,1,2
720,Cassandra,Montgomery,2/3/2024,,2,2
721,Jessica,Henry,14/01/2022,,3,4
722,Dale,Wolf,26/03/2021,,3,4
723,Jeffrey,King,17/09/2024,,1,2
724,Kimberly,Andrade,14/08/2022,,2,1
725,Joyce,Coleman,2/6/2020,,4,1
726,Michael,Allen,4/1/2020,,4,1
727,Anne,Ochoa,9/10/2020,6/2/2024,3,5
728,Melissa,Horn,1/11/2023,,1,5
729,Elizabeth,Fowler,19/09/2020,,3,4
730,Stephanie,West,27/02/2021,,4,3
731,Rachel,Miller,6/4/2024,,1,2
732,William,Goodman,10/6/2022,,1,4
733,Paul,Martin,9/4/2021,,3,2
734,Stacy,Ross,16/07/2023,,1,3
735,Jonathan,Pena,25/06/2024,,2,5
736,Sheri,Thompson,26/10/2024,,2,3
737,Michele,Carter,4/2/2020,,2,1
738,Tony,Reynolds,6/5/2023,,3,3
739,April,Lopez,27/08/2020,12/8/2024,2,4
740,Courtney,Lindsey,17/09/2022,4/11/2024,4,2
741,Sierra,Wright,6/10/2020,,3,5
742,Emily,Fletcher,24/07/2023,,2,2
743,Gregory,Reed,28/02/2020,,1,5
744,Angela,Beck,16/05/2020,,2,3
745,Michael,Poole,10/12/2020,,4,4
746,Kaitlyn,Davis,22/02/2020,,3,3
747,Courtney,Greer,15/08/2024,,3,4
748,Joanna,Jackson,29/12/2022,,4,1
749,Susan,Silva,15/12/2021,,4,1
750,Matthew,Campbell,15/05/2020,,3,1
751,Shawn,Mcdaniel,7/11/2024,24/12/2024,4,2
752,Brandon,Williams,2/11/2021,,1,2
753,Diana,Green,13/10/2021,,2,5
754,Stephen,Martinez,3/7/2023,,4,4
755,Matthew,Nicholson,13/05/2023,,1,5
756,Frank,Alvarez,2/10/2022,,1,5
757,Amy,Garcia,25/06/2021,27/05/2024,3,3
758,Emily,Hammond,5/6/2022,,4,4
759,Megan,Williams,27/10/2024,,4,1
760,April,Page,4/11/2024,,3,2
761,Debra,Jenkins,13/12/2021,,3,3
762,Jennifer,Riddle,14/12/2020,,2,3
763,John,Meyer,18/02/2022,,2,2
764,Daniel,Strong,11/10/2022,,1,1
765,Arthur,Mccullough,23/06/2020,22/06/2024,4,1
766,Kimberly,Adams,23/02/2020,,2,5
767,Christina,Blanchard,19/11/2024,23/12/2024,3,2
768,Melanie,Bond,25/07/2021,,4,3
769,Bradley,Clark,22/07/2023,,4,1
770,Mark,Lopez,19/07/2021,,4,2
771,Mark,Trujillo,19/03/2024,,4,5
772,Mary,Lee,14/11/2024,,1,1
773,Eric,Martin,31/08/2022,,1,5
774,Melissa,Freeman,9/5/2020,3/4/2024,1,3
775,Jose,Scott,25/09/2023,,1,2
776,Danielle,Gordon,10/11/2021,,3,4
777,Kelly,Weaver,15/06/2020,,1,5
778,Michael,Wilson,6/6/2021,,4,4
779,Lori,Carney,22/12/2022,,3,4
780,Nathan,Pena,4/9/2023,,1,1
781,Robin,Miller,14/10/2020,29/03/2024,4,1
782,Ronald,King,22/05/2022,,1,1
783,John,Lara,23/02/2020,,3,5
784,Morgan,Jennings,12/8/2023,,3,1
785,Christopher,Johnston,19/11/2024,,3,4
786,Scott,Smith,25/05/2022,,2,4
787,Edwin,Jenkins,24/12/2022,5/6/2024,3,4
788,Sonya,Hogan,10/3/2024,,3,2
789,Thomas,Armstrong,23/07/2020,,1,2
790,Willie,Murphy,17/08/2022,,3,2
791,Chelsea,Stevenson,26/08/2021,23/07/2024,2,1
792,Kara,Bryant,5/8/2024,,4,4
793,Jeffrey,Horton,1/6/2021,31/03/2024,1,2
794,Mark,Nash,14/11/2023,,2,5
795,Ryan,Nash,24/09/2022,1/11/2024,2,1
796,Matthew,Fuentes,3/8/2021,,3,5
797,Peter,Romero,24/05/2021,5/5/2024,2,4
798,Tammy,Stark,14/06/2023,,2,1
799,Ryan,Henderson,3/7/2023,,3,2
800,Patricia,Doyle,9/3/2021,,1,4
801,Kimberly,Walker,7/9/2021,,1,3
802,Tyler,Burns,23/10/2024,,1,4
803,Elizabeth,Hinton,13/05/2023,,1,1
804,Misty,Stone,8/2/2024,,4,4
805,Ashley,Morrow,28/08/2023,24/08/2024,1,1
806,Jeremy,Williamson,12/2/2021,,1,4
807,Katherine,Howell,1/3/2020,,3,3
808,Emily,Brooks,15/08/2022,23/03/2024,2,5
809,Lucas,Franklin,2/8/2020,,2,2
810,Tina,Wong,3/8/2024,,1,4
811,Alexis,Foley,19/10/2024,,1,4
812,Taylor,Carlson,5/6/2021,,3,3
813,Elizabeth,Hall,26/07/2024,,4,4
814,Latoya,Boone,20/08/2024,,4,2
815,Brian,Griffin,8/7/2023,6/11/2024,3,5
816,Laura,Dickson,25/07/2020,,3,2
817,Victoria,Campbell,6/6/2024,,1,1
818,Jeffrey,Walters,31/08/2023,,3,4
819,Lori,Sanchez,11/3/2023,,1,3
820,Keith,Russo,23/11/2021,,3,4
821,Edward,Thomas,10/6/2020,,1,5
822,Ricky,Wilson,28/11/2023,,2,5
823,Taylor,Phillips,2/5/2020,,4,4
824,Hannah,Carroll,26/01/2022,,3,3
825,Joshua,Lyons,20/10/2023,,4,5
826,Pamela,Baxter,18/11/2021,,1,2
827,Thomas,Freeman,7/4/2024,29/07/2024,2,5
828,Eric,Fritz,12/6/2021,,4,4
829,Dylan,Jones,24/11/2020,18/08/2024,2,4
830,Anthony,Williamson,30/04/2020,,1,2
831,John,Miller,18/02/2023,,3,5
832,Samantha,Lloyd,14/10/2020,,1,3
833,Henry,Wright,11/4/2024,,3,5
834,Matthew,Williams,24/11/2023,,1,1
835,Amanda,Smith,29/07/2021,1/6/2024,1,1
836,Jennifer,Turner,7/8/2023,,4,2
837,Tyler,Randall,23/10/2022,,2,2
838,Jonathan,Wood,23/05/2024,,2,1
839,Anthony,Miller,18/04/2021,11/12/2024,3,3
840,Brandy,Price,30/04/2023,1/8/2024,1,1
841,Robert,Roberts,6/12/2022,,2,1
842,Laura,Reyes,4/6/2020,,1,2
843,Danielle,Smith,3/9/2024,,3,3
844,Kimberly,Jones,15/10/2021,,4,2
845,Stacy,Mejia,4/4/2024,,3,2
846,Gary,Johnson,6/5/2020,,2,1
847,Julia,Haynes,13/01/2022,,4,4
848,Jane,Morales,27/10/2023,,2,2
849,Mary,Cook,10/2/2022,,3,1
850,Sherry,Randall,25/05/2023,,3,5
851,David,Sherman,19/03/2020,17/05/2024,2,4
852,Karina,Washington,15/09/2021,,3,4
853,Christopher,Howe,17/09/2023,,3,5
854,Amanda,Thompson,16/08/2020,,2,1
855,Susan,Gonzales,30/10/2021,,4,5
856,Ryan,Bullock,29/08/2021,,3,3
857,Christopher,Meyer,4/8/2023,,3,2
858,Emily,Esparza,24/02/2022,,1,1
859,Joseph,Anderson,9/1/2022,,3,5
860,Brittany,Flores,11/7/2024,,3,5
861,Alexander,Dickerson,31/03/2021,,1,5
862,Jon,Johnson,29/03/2024,,3,2
863,Sean,Woods,25/06/2022,,2,2
864,Jay,Miller,2/2/2022,4/8/2024,4,5
865,Amber,Ward,17/01/2022,,2,1
866,Benjamin,Davies,17/05/2022,,1,4
867,Ray,Thomas,15/02/2023,,3,4
868,Joseph,Anderson,14/01/2022,,2,4
869,Joanna,Combs,20/07/2023,,1,1
870,Jonathan,Cabrera,8/5/2023,,1,1
871,Colleen,Thomas,1/5/2023,,3,2
872,William,Ballard,25/08/2024,,3,4
873,Bradley,Myers,1/5/2024,,1,1
874,Matthew,Cox,12/5/2023,,3,3
875,Jonathan,Salas,23/05/2020,,3,4
876,Paul,Ramsey,27/09/2023,,4,1
877,Tony,Dean,25/10/2022,,3,2
878,Rebecca,Taylor,1/9/2021,,4,4
879,Edwin,Haynes,12/9/2021,,4,1
880,Michelle,Martin,4/6/2020,,4,2
881,Rebecca,Parker,15/10/2022,,3,3
882,Douglas,Allen,2/3/2022,,3,4
883,Kelly,Berry,20/01/2023,,1,2
884,Kimberly,Miller,22/10/2022,,4,5
885,Lisa,Gibson,12/4/2022,,1,5
886,Brandon,Maddox,7/1/2024,,4,3
887,Melanie,Green,18/06/2022,,1,5
888,Allison,Key,11/8/2023,2/1/2024,3,1
889,Megan,Rivera,31/01/2020,,3,4
890,Katherine,Mitchell,10/8/2024,,4,2
891,Elizabeth,Chan,7/10/2023,,1,2
892,Jerry,Jackson,28/07/2023,,4,4
893,Michael,Brady,2/9/2020,,3,3
894,William,Crane,29/11/2024,,2,1
895,Donald,Morrow,21/05/2020,,4,1
896,Kyle,Watts,20/10/2021,,3,3
897,David,Lee,19/05/2023,28/08/2024,2,5
898,Lisa,Clark,13/09/2021,,3,1
899,Christopher,Hall,5/10/2023,,2,3
900,David,Porter,23/08/2021,,3,4
901,Joy,Smith,17/07/2021,,2,2
902,Michael,Sanchez,17/06/2020,,2,3
903,Lisa,Harris,11/9/2024,,3,5
904,Paul,Chavez,2/8/2022,31/03/2024,3,1
905,Bryan,Bowen,27/03/2020,13/05/2024,3,4
906,Makayla,Perez,3/11/2022,,4,2
907,Patrick,Valdez,19/06/2020,,1,4
908,Roy,Burke,12/1/2023,,3,2
909,Timothy,Neal,13/05/2024,4/9/2024,2,3
910,Renee,Singh,20/05/2024,,2,1
911,Michael,Williams,5/3/2022,22/12/2024,4,2
912,Zachary,Morgan,23/10/2020,,3,2
913,Joseph,Braun,11/7/2024,25/12/2024,1,1
914,Patricia,Adams,20/12/2020,,2,2
915,Michael,Jones,8/11/2021,6/6/2024,3,4
916,Joseph,Roberson,26/10/2024,,3,1
917,Brittany,Leon,19/12/2020,,2,2
918,David,Norris,29/08/2023,,1,1
919,Danielle,Jones,14/02/2021,,1,3
920,Laura,Dougherty,17/07/2021,,1,4
921,Colleen,Lane,5/6/2022,,3,2
922,Alexis,Cobb,12/1/2023,,3,1
923,Kara,Turner,14/09/2020,,1,2
924,Terry,Williams,29/11/2020,,3,2
925,Martin,Hester,5/3/2023,,3,4
926,Stephanie,Arnold,18/11/2021,18/06/2024,1,1
927,Robert,Ryan,30/05/2024,,1,4
928,Jennifer,Chavez,16/08/2021,,2,2
929,Sonya,Sullivan,27/12/2022,,3,2
930,Mary,Escobar,2/9/2020,,3,5
931,Austin,Martinez,10/8/2023,,4,1
932,Jonathan,Irwin,21/04/2023,,3,3
933,Elizabeth,Sharp,29/03/2023,,3,2
934,Robert,Moore,26/07/2020,,1,1
935,Wesley,Burton,24/01/2020,,3,2
936,Carol,Woods,15/12/2023,,1,4
937,Ryan,Ellis,25/04/2024,,1,1
938,Hannah,Adams,13/11/2024,,4,2
939,Julie,Rollins,13/10/2023,,4,4
940,Sharon,Bailey,30/05/2023,,3,4
941,David,Patel,30/06/2021,,3,1
942,James,Gray,25/12/2021,19/05/2024,1,2
943,Scott,Morris,13/02/2024,,1,4
944,Michael,Morgan,20/03/2023,,3,5
945,John,Woods,3/1/2021,7/8/2024,2,4
946,James,Scott,28/11/2024,,3,5
947,Christopher,Jones,19/08/2021,,1,1
948,Stanley,Hill,20/04/2021,,1,2
949,Robert,Dixon,23/11/2024,,2,1
950,Patricia,Walton,13/09/2023,29/03/2024,2,2
951,Steven,Miller,10/5/2023,29/04/2024,1,4
952,Derek,Sheppard,31/03/2020,,3,1
953,Jesse,Keith,22/09/2024,24/10/2024,3,2
954,Anthony,Watson,11/9/2023,,3,1
955,Zachary,Mejia,20/01/2020,,4,5
956,Victoria,Ward,3/10/2023,,4,3
957,Ian,Duffy,4/7/2022,,1,3
958,Logan,Griffith,10/4/2023,,1,1
959,Linda,Bennett,23/09/2022,5/9/2024,2,5
960,Olivia,Harris,16/06/2024,,3,5
961,Jeffery,Knox,20/05/2021,,2,5
962,Maureen,Wells,31/03/2020,,2,5
963,Marcus,Mcgrath,8/2/2024,,1,1
964,Michael,Moreno,21/12/2021,,3,1
965,Jamie,Conner,15/03/2023,,3,1
966,Kathy,Zuniga,20/01/2023,,1,1
967,Yesenia,Frazier,8/4/2024,,2,2
968,Nicole,Rasmussen,31/03/2023,,4,1
969,Brandon,Jones,25/10/2022,,4,4
970,Laura,Schmidt,15/08/2024,,1,3
971,Christina,Rodriguez,10/7/2021,7/2/2024,1,3
972,Daniel,Smith,8/6/2020,,3,1
973,Stephanie,Haney,14/11/2023,,4,1
974,Kimberly,Miranda,13/09/2022,,1,4
975,James,Miller,19/07/2024,,3,3
976,Mary,Coleman,31/10/2020,,3,1
977,Andrew,Higgins,8/10/2024,,1,3
978,Brenda,Everett,27/05/2024,,1,3
979,Jacqueline,Gilmore,3/9/2020,,2,2
980,Anna,Lowe,30/10/2023,,3,2
981,Johnny,Porter,30/11/2024,,4,1
982,Emily,Gonzales,31/05/2023,,2,1
983,Matthew,Moore,20/11/2020,,1,4
984,Kayla,Wilson,2/3/2021,,3,1
985,Ashley,Griffin,9/7/2022,,4,4
986,James,Henderson,23/01/2022,,1,2
987,Morgan,Lawrence,20/05/2021,,1,2
988,Frank,Evans,12/3/2020,,3,3
989,Daniel,Harrington,5/3/2021,1/11/2024,3,5
990,Kelli,Nelson,15/04/2020,22/02/2024,1,4
991,Dylan,Wallace,1/6/2024,,3,4
992,Charles,Olson,27/11/2023,,1,3
993,Ashley,Smith,17/06/2020,,2,4
994,Patricia,Moore,24/01/2022,,3,3
995,Cassandra,Munoz,23/04/2023,12/3/2024,1,2
996,David,Miller,7/7/2023,,3,1
997,Chelsea,Garcia,20/02/2024,,1,4
998,Karen,Singh,28/05/2020,,1,3
999,Timothy,Sanchez,10/3/2023,,1,3
1000,Jeffrey,Hernandez,11/2/2023,,4,1
1001,Barry,Liu,16/07/2023,13/10/2024,3,5
1002,Jason,Jones,16/11/2021,11/10/2024,4,3
1003,Charles,Pitts,30/05/2024,,3,3
1004,Daniel,Jones,21/02/2021,,1,3
1005,John,Russell,1/5/2023,,4,1
1006,Kayla,Kirk,12/7/2024,,4,5
1007,Jonathan,Wade,13/03/2020,9/1/2024,1,4
1008,Michele,Sampson,28/12/2020,12/3/2024,3,1
1009,Hannah,Skinner,11/12/2021,10/8/2024,4,2
1010,James,Gilmore,22/08/2023,,4,3
1011,Melody,Howard,26/07/2024,,4,1
1012,Kenneth,Griffin,22/01/2022,24/11/2024,1,1
1013,Miranda,Frazier,25/11/2023,,1,4
1014,Jackie,Ritter,13/10/2024,31/10/2024,1,3
1015,Andrew,Sharp,25/07/2023,,4,1
1016,Renee,Chen,17/07/2022,,3,4
1017,John,Davis,8/2/2020,,2,4
1018,Tammy,Bullock,15/01/2021,,1,2
1019,Scott,Harris,1/2/2020,29/11/2024,2,2
1020,David,Coleman,15/06/2024,,3,2
1021,Sharon,Walsh,7/8/2021,,2,5
1022,Nicole,Nelson,14/05/2024,24/07/2024,1,4
1023,Thomas,Johnson,8/6/2022,,1,5
1024,Erica,Brown,11/5/2023,,4,5
1025,Michelle,Powers,11/10/2022,,4,3
1026,Kathryn,Contreras,7/10/2020,,3,3
1027,Bruce,Mason,19/07/2021,,3,4
1028,Jessica,Simpson,25/07/2021,,1,5
1029,Bryan,Graham,21/12/2020,11/11/2024,4,3
1030,Claire,Brown,26/07/2024,,4,5
1031,Kenneth,Diaz,3/9/2022,,3,2
1032,Lisa,Sanders,15/04/2022,,1,2
1033,John,Walker,17/12/2023,,4,1
1034,George,Good,16/08/2020,,4,5
1035,Kevin,Cohen,6/9/2022,,3,3
1036,Patrick,Anderson,30/03/2024,,4,2
1037,Joel,Phillips,15/12/2022,,3,3
1038,Steven,Sloan,30/06/2020,,1,3
1039,Joseph,Hunt,21/05/2024,,3,5
1040,William,Smith,26/03/2024,,4,4
1041,Nicole,Valenzuela,8/10/2024,15/12/2024,1,1
1042,Bradley,Scott,22/09/2020,7/4/2024,1,2
1043,Becky,Warner,13/06/2022,,2,3
1044,Stacey,Lindsey,26/03/2022,,1,2
1045,Eric,Webster,23/12/2023,19/12/2024,1,3
1046,Melissa,Robertson,19/09/2020,,1,2
1047,Justin,Johnson,19/10/2021,,4,3
1048,Thomas,Martinez,26/06/2021,,2,4
1049,Jeff,Turner,20/01/2020,21/10/2024,2,3
1050,Daniel,Smith,22/09/2024,,1,4
1051,Adam,Hampton,10/12/2022,,4,3
1052,Angela,Gonzalez,11/2/2021,,4,5
1053,Joshua,Nguyen,25/07/2021,,1,5
1054,Brian,Weaver,25/04/2023,8/10/2024,2,3
1055,Luis,Collins,2/5/2024,,3,5
1056,Suzanne,Mccormick,14/03/2023,24/09/2024,4,5
1057,Kaitlyn,Smith,21/04/2020,,3,5
1058,Brandon,Cardenas,17/01/2021,20/05/2024,3,4
1059,Jessica,Palmer,26/09/2022,,3,2
1060,Erik,Lopez,21/10/2020,,2,1
1061,Douglas,Mason,17/11/2024,,3,3
1062,Alexander,Gonzalez,28/06/2020,,1,2
1063,Matthew,King,8/4/2022,,2,1
1064,Rhonda,Sanchez,29/06/2023,,1,4
1065,Eileen,Butler,13/02/2023,,4,4
1066,Douglas,Mccormick,25/12/2022,,2,5
1067,Eric,Oliver,16/09/2022,,4,5
1068,Tyler,Mccoy,11/7/2020,,3,2
1069,Nathan,May,1/6/2020,,3,1
1070,Rickey,Carter,26/04/2024,17/09/2024,2,1
1071,Jesse,Reynolds,3/2/2024,,1,4
1072,Eric,Horton,23/05/2023,,1,1
1073,Sydney,Martin,26/04/2023,,4,4
1074,Mary,Dougherty,9/8/2020,,2,2
1075,Danny,Frost,5/3/2020,3/8/2024,2,1
1076,Sarah,Banks,23/10/2021,,1,2
1077,Kelsey,Richardson,7/9/2020,,3,5
1078,Joshua,Jones,14/08/2023,19/11/2024,1,2
1079,John,Hurst,17/01/2024,,2,5
1080,Shane,Melendez,15/08/2021,5/1/2024,1,3
1081,Patrick,Burton,7/10/2024,,1,5
1082,Amy,Mccoy,25/11/2022,,1,2
1083,Brittany,Bell,10/3/2022,,1,1
1084,Jessica,Bailey,17/10/2024,,1,4
1085,Robert,Brown,4/11/2022,30/12/2024,4,3
1086,Nathan,Andersen,3/8/2024,,3,2
1087,Sean,Jones,15/08/2022,,2,2
1088,James,Hernandez,27/07/2020,,1,4
1089,Krystal,Duran,11/7/2024,3/9/2024,4,5
1090,Jared,Keith,20/08/2023,12/10/2024,3,1
1091,Richard,Haney,6/10/2022,,2,5
1092,Kevin,Sanders,21/04/2020,,3,2
1093,Matthew,Andrade,22/06/2023,,4,5
1094,Phyllis,Hines,19/12/2023,,3,4
1095,David,Smith,12/12/2021,20/04/2024,1,3
1096,Kevin,Rodriguez,6/4/2021,,4,1
1097,Jason,Taylor,6/12/2020,,4,5
1098,Brittney,Pena,31/01/2020,,3,1
1099,Maria,Mcpherson,5/6/2021,,2,2
1100,Megan,Walker,8/10/2021,14/11/2024,4,2
1101,Nicole,Cervantes,3/12/2020,,1,4
1102,Shawn,Nguyen,5/7/2024,,4,2
1103,Alexander,Dixon,23/05/2021,10/9/2024,1,1
1104,Rebecca,Smith,1/4/2023,,3,5
1105,Dustin,Thomas,18/02/2024,,1,4
1106,Jon,Brown,24/08/2022,,1,5
1107,Hannah,Rodriguez,6/9/2021,,3,1
1108,Jenny,Rodriguez,17/10/2020,,1,5
1109,Dorothy,Molina,28/02/2020,,4,1
1110,Jimmy,Moreno,2/1/2024,,3,1
1111,Nathan,Willis,21/09/2024,,4,3
1112,Sarah,Rodriguez,16/05/2020,,1,4
1113,Keith,Caldwell,2/12/2023,,2,2
1114,Tracey,Chase,22/07/2024,,1,5
1115,Rebecca,Johnson,30/10/2022,,2,4
1116,Sarah,Berry,25/03/2023,7/11/2024,2,2
1117,Brenda,Adkins,8/2/2021,,2,3
1118,Richard,Smith,27/09/2020,,1,3
1119,Spencer,Moreno,25/09/2024,,4,1
1120,Stacy,Salinas,13/01/2020,,1,3
1121,Christopher,Hoffman,4/11/2024,,2,3
1122,Jacqueline,Jones,31/10/2021,,2,1
1123,Tommy,Washington,21/07/2024,,1,4
1124,Jacqueline,Hurley,4/3/2020,,3,3
1125,Matthew,Cochran,8/8/2023,5/1/2024,3,2
1126,Kelly,Hernandez,25/03/2022,1/2/2024,3,4
1127,Olivia,Bush,30/07/2022,2/1/2024,4,5
1128,Andrew,Dalton,3/8/2022,,1,2
1129,Rick,Carroll,15/09/2023,7/6/2024,1,4
1130,Cassandra,Dickerson,9/11/2020,,2,2
1131,Adam,Robinson,2/10/2024,,4,5
1132,Felicia,Garrison,25/02/2024,,4,1
1133,Leslie,Thompson,12/6/2022,,2,4
1134,Gina,Mendez,11/4/2021,,4,5
1135,Melissa,Vega,16/05/2020,,2,3
1136,Theresa,Barnes,6/2/2022,3/7/2024,3,3
1137,Karen,Russell,4/10/2023,,1,5
1138,Lisa,Hall,11/8/2023,,1,2
1139,Jessica,Williams,13/03/2022,,3,3
1140,Sharon,Castro,29/04/2022,,3,1
1141,Lindsey,Smith,16/06/2023,,1,2
1142,Christopher,Allison,6/6/2021,,1,3
1143,Sarah,Pruitt,3/6/2021,,4,3
1144,Ryan,Page,28/06/2022,,2,3
1145,Brittany,Thompson,28/04/2020,,1,3
1146,David,Larsen,16/06/2024,,4,4
1147,Preston,Alvarez,24/09/2023,,1,3
1148,Phillip,Strong,27/01/2024,,3,3
1149,Adam,Warren,30/04/2023,,1,1
1150,Aaron,Green,30/08/2024,,1,3
1151,Matthew,Willis,3/5/2023,,1,3
1152,Andrew,Perkins,7/4/2020,,3,2
1153,Taylor,Thomas,18/04/2024,,4,5
1154,Robert,Bush,5/12/2022,,2,2
1155,Jill,Crosby,24/11/2020,,3,3
1156,Aaron,Fry,23/04/2020,,2,4
1157,Travis,Hart,11/3/2020,,3,5
1158,Anita,Hinton,16/01/2023,,2,2
1159,Jeremiah,Miles,14/01/2023,,3,4
1160,Deborah,Gomez,13/08/2022,,3,5
1161,Gail,Morgan,3/2/2024,,1,5
1162,Clarence,Robles,3/10/2023,,1,2
1163,Austin,Mckinney,10/11/2021,,3,5
1164,Jason,Deleon,4/8/2020,,1,3
1165,Amanda,Garza,12/2/2024,,1,2
1166,Adam,Bell,12/6/2021,,2,3
1167,Joshua,Bruce,14/06/2020,,3,4
1168,Bryan,Jones,24/05/2020,,2,5
1169,Elizabeth,Phillips,2/10/2021,,3,4
1170,Michael,Warren,11/4/2023,,3,4
1171,Lauren,Payne,12/8/2024,30/12/2024,2,2
1172,Christopher,Richards,10/3/2023,,1,4
1173,Mary,Johnson,10/1/2022,20/08/2024,4,4
1174,Diamond,Mosley,16/11/2024,,4,2
1175,Amanda,Gardner,12/2/2024,,2,2
1176,Taylor,Gould,28/05/2020,,1,4
1177,Cynthia,Vaughan,19/09/2021,,3,2
1178,John,Meza,7/2/2020,26/06/2024,1,1
1179,Lindsey,Boyer,15/12/2020,,2,4
1180,Robert,Johnson,12/8/2020,1/5/2024,4,4
1181,Chad,Oliver,2/12/2020,,3,3
1182,Nathaniel,Ramirez,25/12/2020,,4,5
1183,Aaron,Brooks,27/05/2021,,3,2
1184,Andrew,Rodgers,25/02/2021,27/07/2024,4,3
1185,Lisa,Martinez,14/11/2022,,2,5
1186,Duane,Hunter,2/9/2023,,1,1
1187,Kurt,Jackson,12/1/2021,,1,5
1188,Kristine,Hart,18/10/2020,,2,2
1189,Nicholas,Bell,18/10/2021,,4,3
1190,Colleen,Clements,19/03/2022,19/02/2024,1,4
1191,Shelby,Brown,11/10/2021,,1,2
1192,Adam,Medina,27/01/2020,,1,5
1193,Candice,Evans,22/01/2023,,2,1
1194,Gregory,Bradford,8/2/2024,,3,5
1195,Joshua,Ellison,6/11/2020,,3,1
1196,Kristy,Mcgrath,16/08/2023,9/11/2024,3,1
1197,Edwin,Waters,28/08/2023,,1,4
1198,Dan,Lewis,7/11/2024,,3,4
1199,Joseph,Foster,28/06/2023,,1,1
1200,Rita,Bryant,7/9/2020,,3,5
1201,Stephanie,Smith,24/04/2020,,3,2
1202,Jonathan,Travis,11/9/2020,,4,5
1203,Jonathan,Campbell,21/07/2020,,1,1
1204,David,Barker,19/09/2024,,2,5
1205,Brian,Alexander,19/02/2022,,1,5
1206,Lisa,Vasquez,4/11/2023,,2,4
1207,Jessica,Mason,22/02/2023,,1,4
1208,Jose,Pena,26/08/2022,,3,4
1209,Eric,Maynard,25/12/2023,,1,1
1210,Penny,Johnson,14/07/2024,25/11/2024,4,4
1211,William,Brown,28/03/2021,8/7/2024,1,5
1212,Justin,Reed,21/06/2024,,3,3
1213,Christine,Johnson,13/04/2023,,2,3
1214,Monica,Collier,1/11/2021,,1,2
1215,Heidi,Thomas,23/11/2022,,4,3
1216,Sarah,Armstrong,11/12/2022,7/6/2024,2,1
1217,Madison,Campbell,22/02/2022,22/07/2024,3,1
1218,Andrew,Rangel,17/06/2023,,1,2
1219,Victoria,Collier,12/9/2022,,4,5
1220,Rachel,Frey,5/4/2024,,3,3
1221,Barbara,Diaz,3/1/2023,,1,4
1222,James,Jones,21/04/2021,,2,4
1223,Mark,Salinas,25/03/2020,,2,4
1224,Lori,Flores,21/06/2021,19/01/2024,3,1
1225,Joshua,Thomas,31/08/2024,12/9/2024,3,2
1226,Andrea,Wade,21/05/2022,,4,4
1227,William,Reyes,12/3/2020,,3,2
1228,Jason,Mcintosh,10/11/2023,1/4/2024,3,5
1229,Donna,Walter,24/04/2020,,3,2
1230,Ashley,Hernandez,3/2/2023,,2,4
1231,Jason,Lowe,28/07/2021,26/07/2024,1,3
1232,Angela,Sanders,28/08/2021,,4,5
1233,James,Farrell,25/06/2023,,3,5
1234,Jesus,Baldwin,21/11/2024,,4,3
1235,David,Hunt,16/11/2023,30/04/2024,3,5
1236,Steven,Brooks,12/6/2024,,3,2
1237,Catherine,Vargas,30/06/2024,12/9/2024,3,4
1238,John,Newton,26/04/2024,30/12/2024,4,5
1239,Tiffany,Perez,31/10/2023,,3,2
1240,Angela,Hernandez,6/1/2024,,2,4
1241,Louis,Lee,5/9/2021,,1,4
1242,David,Tate,21/07/2022,8/9/2024,2,3
1243,Sarah,Scott,30/10/2023,,1,4
1244,Dennis,Franklin,12/2/2020,,1,4
1245,Charles,Salas,13/09/2024,,3,1
1246,Randy,Gonzalez,27/08/2023,,2,1
1247,Lisa,Ballard,1/5/2021,7/9/2024,3,1
1248,Susan,Hill,14/08/2022,,2,5
1249,Joanna,Ford,3/5/2020,,4,5
1250,Michelle,Weber,24/04/2021,,3,5
1251,Todd,Montes,11/3/2024,,3,4
1252,Jessica,Castillo,8/12/2021,,2,1
1253,Christina,Gilbert,20/01/2024,,4,3
1254,Melissa,Jones,6/1/2021,,3,4
1255,Kristen,Wiley,24/06/2021,17/06/2024,2,4
1256,Douglas,Robertson,12/3/2023,17/12/2024,3,2
1257,Debra,Diaz,10/9/2020,,2,3
1258,Jennifer,Miles,2/9/2020,23/07/2024,2,1
1259,Michael,Mullins,7/11/2023,,1,2
1260,Eric,Monroe,9/12/2022,13/03/2024,3,4
1261,John,Martinez,25/10/2022,9/1/2024,3,2
1262,Brandon,Jones,9/12/2023,,4,2
1263,Daniel,Obrien,28/09/2023,2/1/2024,3,3
1264,April,Guerrero,29/10/2020,4/8/2024,2,5
1265,Brian,Garrett,26/07/2022,,4,4
1266,Katelyn,Garcia,22/10/2021,,4,2
1267,Kelly,Stewart,23/04/2020,,1,1
1268,Jeremy,James,5/12/2020,,2,5
1269,Linda,Tran,27/08/2020,,3,2
1270,Douglas,Lawrence,11/10/2021,13/10/2024,1,2
1271,Courtney,Castillo,28/01/2022,,3,5
1272,Larry,Stone,17/02/2022,,3,4
1273,Casey,Harding,8/11/2023,,3,2
1274,Rachel,Lyons,17/11/2020,,4,3
1275,Jake,Wilson,7/1/2021,,1,4
1276,William,Baird,15/03/2021,,4,5
1277,Connie,Turner,14/11/2022,,3,3
1278,Andrew,Cook,29/10/2022,,4,2
1279,Kathryn,Johnston,12/5/2020,,3,3
1280,Frank,Carter,5/6/2024,,4,2
1281,Matthew,Mcmillan,11/3/2023,,3,2
1282,Timothy,Jones,18/01/2020,,3,3
1283,Sarah,Kramer,13/08/2021,,3,5
1284,Richard,Baker,20/12/2023,,3,4
1285,Patrick,Williams,18/08/2021,,4,5
1286,Kenneth,Lewis,13/12/2022,,4,1
1287,William,Rios,9/2/2023,23/11/2024,1,2
1288,Stephanie,Andrade,12/9/2023,,1,3
1289,Michael,Rodgers,26/05/2023,,1,3
1290,Daniel,Hunter,31/07/2020,,1,1
1291,Linda,Clarke,2/9/2020,21/06/2024,1,5
1292,William,Graham,7/1/2022,,4,1
1293,Steven,Wagner,23/08/2024,,3,5
1294,Morgan,Wood,2/12/2022,,3,5
1295,Joanna,Watkins,8/8/2020,,3,3
1296,Yolanda,Green,28/08/2021,,1,4
1297,Rebecca,Frank,1/6/2023,,4,3
1298,Stephanie,Green,25/10/2023,,1,3
1299,Kenneth,Hudson,23/01/2024,,4,4
1300,Tasha,Jones,25/12/2023,,4,3
1301,Cynthia,Fisher,9/12/2021,,3,5
1302,Brooke,Shah,22/08/2022,,3,2
1303,Tina,Jones,2/3/2021,,1,1
1304,Christopher,Martinez,11/2/2023,27/08/2024,1,5
1305,Karen,Riley,21/02/2023,,1,3
1306,Tammy,Bradford,11/12/2021,,1,5
1307,Amanda,Shelton,2/3/2022,,1,4
1308,Steven,Martinez,18/04/2021,,1,2
1309,William,Moore,31/08/2023,,3,5
1310,Francisco,Mcdonald,11/4/2023,,2,5
1311,Sarah,Sandoval,7/2/2022,,1,3
1312,James,Moore,14/12/2021,24/11/2024,4,5
1313,Tara,Bartlett,16/07/2022,,3,4
1314,Joel,Wright,12/6/2024,,2,3
1315,Nicole,Cunningham,21/09/2022,,1,3
1316,Holly,Cooke,19/01/2023,,1,5
1317,Gary,Stephens,22/06/2021,17/06/2024,4,1
1318,Michael,Williams,24/02/2023,,2,2
1319,Corey,Wilson,9/6/2020,,3,5
1320,Miguel,Barber,27/04/2024,,1,3
1321,Victoria,Odonnell,20/01/2021,,3,1
1322,Misty,Nelson,12/1/2021,8/11/2024,3,3
1323,Vincent,Elliott,24/11/2024,,3,3
1324,Melissa,Powell,14/07/2024,13/12/2024,3,4
1325,Grant,Parsons,9/5/2022,,4,2
1326,Julie,Beck,11/9/2020,,1,1
1327,Chad,Rodgers,31/07/2023,,4,5
1328,Cheryl,Anderson,29/09/2023,,3,2
1329,Daniel,Lopez,28/04/2022,,3,4
1330,Mandy,Garcia,27/07/2024,,1,4
1331,Debra,Martinez,13/12/2023,29/05/2024,4,2
1332,Jesse,Rodriguez,8/9/2023,11/11/2024,3,1
1333,Angela,Boyer,14/08/2021,,1,3
1334,Philip,Wilkerson,29/09/2024,,3,2
1335,Krista,Mann,13/09/2023,,2,4
1336,Philip,Young,19/08/2020,,2,1
1337,Sherry,Jackson,22/03/2020,,1,1
1338,Jeanette,Meyer,26/10/2024,15/11/2024,3,5
1339,Sherry,Perez,17/09/2022,,4,3
1340,Amy,Williams,27/12/2022,,1,3
1341,Mark,Montgomery,21/06/2022,,1,4
1342,Aaron,Davis,31/07/2022,,4,1
1343,Olivia,Williams,20/02/2024,,3,2
1344,Maurice,Ball,16/12/2021,,3,5
1345,Eric,Tanner,16/11/2021,,3,3
1346,Tyler,Mccoy,18/05/2023,,4,3
1347,Eddie,Miller,10/2/2022,18/01/2024,1,5
1348,Rebecca,Parrish,16/01/2024,,1,5
1349,Philip,Hall,25/09/2020,,3,1
1350,Sandra,Terry,25/04/2021,,3,3
1351,Amy,Sims,11/8/2024,9/10/2024,4,5
1352,Kevin,Knight,15/06/2022,,1,5
1353,Thomas,Diaz,31/08/2021,,1,2
1354,Joshua,Leblanc,18/03/2022,,3,1
1355,Shannon,Hampton,21/01/2023,,4,5
1356,Jonathan,Sullivan,5/11/2020,,3,3
1357,Alexander,Shepherd,20/10/2020,,1,2
1358,Brian,Young,22/10/2024,,2,3
1359,Daniel,Smith,23/06/2021,6/10/2024,3,2
1360,Michael,Fowler,17/01/2022,,3,2
1361,Heather,Branch,20/01/2023,,2,5
1362,Brandi,Schneider,4/7/2020,,3,2
1363,Andrea,Boyd,5/1/2022,,2,3
1364,John,Tran,8/11/2024,,1,3
1365,Anthony,Hill,6/2/2020,,1,4
1366,Gregory,Rice,5/2/2020,,2,3
1367,Angela,Hodges,21/04/2021,,2,3
1368,Wayne,Diaz,9/8/2022,,2,1
1369,Michele,Barnes,17/01/2023,,3,3
1370,Leslie,Berry,13/04/2023,,1,5
1371,Anthony,Howard,1/2/2022,,3,1
1372,Lisa,Patterson,14/07/2021,,4,5
1373,Edwin,Johnson,8/5/2022,,4,5
1374,Hannah,Robertson,12/5/2020,,3,1
1375,Debra,Barnes,10/10/2023,,3,5
1376,Jonathan,Clark,8/1/2024,,3,3
1377,Donald,Black,19/05/2021,,4,5
1378,Kyle,Flowers,6/7/2021,,1,4
1379,Jennifer,Murphy,24/05/2022,,1,3
1380,Stacey,Meyer,27/12/2022,,3,5
1381,Christina,Conway,24/06/2023,,3,2
1382,Crystal,Hogan,20/04/2024,,1,5
1383,Amanda,Miller,25/02/2023,,4,4
1384,Sean,Jackson,13/02/2020,,1,4
1385,Darlene,Cunningham,28/08/2024,26/10/2024,1,2
1386,Alan,Tran,17/09/2022,,1,3
1387,Tracy,Ford,3/11/2022,2/10/2024,4,1
1388,Harry,Rush,16/11/2021,,3,1
1389,Jennifer,Coleman,18/05/2022,,3,3
1390,Ray,Brown,10/4/2022,,1,5
1391,Sandra,Miller,17/10/2023,,2,4
1392,Brad,Cruz,21/06/2023,,3,1
1393,Jesus,Jones,26/08/2020,,2,2
1394,Anna,Hale,5/6/2023,,2,3
1395,Emily,Nelson,6/11/2024,18/11/2024,2,5
1396,Christopher,Mack,5/10/2021,,4,4
1397,Shannon,Davis,21/08/2020,,1,3
1398,Tyler,Strickland,2/5/2023,,1,3
1399,Mary,Kelley,19/12/2023,,4,2
1400,James,Thompson,13/06/2021,,2,1
1401,Cynthia,Brown,14/12/2022,,2,2
1402,Gerald,Todd,3/5/2022,28/11/2024,3,4
1403,Adam,Cantrell,22/04/2020,,1,5
1404,Jennifer,Wang,24/06/2020,28/11/2024,1,5
1405,Phillip,Combs,27/12/2020,,3,1
1406,Lauren,Robertson,8/12/2021,,4,5
1407,Benjamin,Alvarez,8/8/2022,,3,5
1408,Gregory,Garcia,10/4/2024,,4,3
1409,Tina,Peters,7/6/2024,,1,5
1410,Lisa,Miller,30/01/2022,,4,2
1411,Catherine,Landry,20/01/2024,,2,2
1412,Melissa,Green,24/04/2022,,4,2
1413,Jennifer,Spencer,1/6/2023,,3,2
1414,Jeanette,Davila,22/10/2020,,2,4
1415,Jessica,Bell,11/8/2024,,1,4
1416,Karen,West,18/01/2021,,1,2
1417,Jacob,Jackson,14/08/2022,,4,4
1418,Brett,Robinson,27/03/2024,,3,2
1419,Michael,Mcneil,12/3/2024,,3,1
1420,Eric,Marshall,16/03/2021,11/9/2024,3,1
1421,Kyle,Washington,16/08/2022,,3,5
1422,Christine,Burns,1/10/2021,,1,4
1423,Jennifer,Hogan,21/11/2021,,2,1
1424,Jeffrey,Evans,22/06/2020,,2,4
1425,Heather,Rivera,5/4/2021,,2,5
1426,Mitchell,King,20/01/2023,11/7/2024,4,5
1427,Tracie,Miller,29/05/2022,,1,4
1428,Stephanie,Bird,2/3/2024,,4,1
1429,Becky,Goodwin,24/12/2021,,4,4
1430,John,Nielsen,27/04/2023,,1,1
1431,Sheri,Smith,18/05/2020,,1,1
1432,Shawna,Mills,18/01/2024,,1,3
1433,Alexander,Williams,10/11/2020,,1,4
1434,Joseph,Atkins,17/09/2024,,1,5
1435,Alicia,Bailey,15/09/2023,,2,3
1436,Leah,Frye,21/03/2021,,2,2
1437,Amy,Parrish,12/1/2022,,3,4
1438,Carrie,Norton,3/8/2021,,3,4
1439,Hailey,Ramirez,10/5/2020,,2,3
1440,Todd,Smith,20/10/2022,,2,2
1441,Amanda,Harris,18/12/2020,,3,2
1442,Patrick,Bryant,6/11/2023,13/12/2024,3,2
1443,Scott,Murphy,18/04/2023,,3,3
1444,Ana,Miller,19/04/2024,,3,1
1445,Laura,Johnson,25/12/2020,,4,1
1446,Jeremy,Steele,20/04/2020,,4,4
1447,Elizabeth,Valdez,20/08/2022,,2,1
1448,Jessica,Sutton,30/07/2022,8/6/2024,2,5
1449,Debbie,Drake,24/09/2021,,2,4
1450,Kristin,Nguyen,30/12/2022,18/06/2024,3,5
1451,John,Larson,2/2/2022,,3,2
1452,Kristie,Robinson,24/08/2021,,2,2
1453,Jay,Thompson,28/01/2021,,4,5
1454,Alvin,Rodriguez,14/10/2021,,1,5
1455,Jocelyn,Davis,12/10/2020,,3,5
1456,Taylor,Smith,7/11/2022,,1,2
1457,George,Morris,15/07/2023,,4,1
1458,Joshua,Johnson,31/08/2020,,3,3
1459,Candace,Spencer,31/08/2024,,2,2
1460,Cynthia,Cantrell,24/12/2023,,3,1
1461,Phillip,Moore,8/3/2022,,3,5
1462,Mark,Roman,3/6/2020,,2,3
1463,John,Carlson,29/07/2023,,4,4
1464,Adam,Brown,8/2/2023,,3,3
1465,Dean,Soto,12/7/2024,4/8/2024,3,5
1466,Tiffany,Salazar,18/05/2020,,1,1
1467,Michael,Sanders,18/05/2020,,4,5
1468,Julia,Martin,26/02/2020,,3,4
1469,Michael,Navarro,2/10/2022,,3,2
1470,Shawn,Carr,16/09/2022,,4,4
1471,Joseph,Martinez,29/06/2022,,4,1
1472,Kimberly,Atkinson,23/05/2024,,1,4
1473,Jonathan,Clay,27/03/2023,,4,2
1474,April,Higgins,7/2/2021,,2,3
1475,Paul,Doyle,20/11/2020,,1,3
1476,Karen,Martinez,22/12/2022,24/04/2024,1,3
1477,Kelsey,Johnson,5/5/2022,,4,4
1478,Lisa,Morgan,17/01/2024,,1,5
1479,Brittany,Ruiz,14/01/2020,,4,2
1480,Brandon,Salazar,27/07/2021,,1,2
1481,Christopher,Parker,16/05/2021,,1,2
1482,Destiny,Kaufman,18/01/2024,,4,3
1483,Megan,Riley,23/05/2023,,1,1
1484,Nancy,Gonzalez,20/08/2020,28/07/2024,3,5
1485,Beth,Mack,19/09/2021,,4,1
1486,Traci,Perez,11/6/2024,,2,3
1487,Kayla,Cannon,9/8/2020,,4,5
1488,Dawn,Henderson,13/01/2023,,2,5
1489,Gregory,Lozano,28/02/2024,12/7/2024,1,5
1490,Krystal,Gardner,3/4/2023,,3,4
1491,Jacqueline,Mclaughlin,10/11/2020,,3,5
1492,Adam,Copeland,5/1/2021,,4,2
1493,Allen,Nelson,8/10/2020,,1,5
1494,Janet,Thomas,20/01/2020,,3,1
1495,Jaime,Medina,31/05/2021,,2,1
1496,Kathleen,Long,21/11/2024,,3,3
1497,Sarah,Villegas,29/11/2020,,1,3
1498,April,Aguilar,15/06/2022,,3,3
1499,Scott,Craig,28/12/2023,,2,4
1500,Danielle,Doyle,29/08/2020,,2,4
1501,Samantha,Hardy,26/05/2024,,1,2
1502,Jacob,Buchanan,6/3/2022,,3,1
1503,James,Cochran,22/10/2023,,4,5
1504,Bruce,Williams,6/4/2022,,2,2
1505,Scott,Cook,12/1/2020,,3,4
1506,April,Boyer,13/03/2020,17/10/2024,1,4
1507,Scott,Chan,18/05/2020,,4,5
1508,John,Ramirez,6/8/2023,,2,4
1509,Scott,Bryant,14/03/2022,29/06/2024,3,5
1510,Mark,Park,20/04/2021,25/09/2024,1,2
1511,Dale,Hendrix,8/11/2022,,4,4
1512,Brian,Lloyd,7/6/2020,,1,3
1513,Kerri,Castro,27/04/2020,,2,5
1514,Sarah,Robinson,26/02/2020,,1,1
1515,William,Bradley,3/6/2022,,2,5
1516,Angela,Allen,13/05/2024,,3,5
1517,Shane,Roman,13/09/2020,,3,3
1518,Jay,Howard,30/04/2020,,3,4
1519,John,Schwartz,20/11/2023,,2,3
1520,James,Cruz,8/10/2023,,4,2
1521,Courtney,Allen,15/02/2020,,4,4
1522,Martin,Martinez,12/3/2022,28/04/2024,3,1
1523,Tara,Donaldson,6/6/2022,,2,3
1524,Sarah,Wilson,3/7/2023,,1,3
1525,Linda,Garner,16/09/2022,,2,4
1526,Jose,Cook,8/5/2022,,4,5
1527,Joanna,Foley,1/9/2021,,2,2
1528,Matthew,Weaver,29/10/2020,,1,2
1529,Kimberly,House,16/08/2024,,4,1
1530,Joshua,Hobbs,23/07/2021,15/02/2024,2,1
1531,Nicole,Shaw,27/09/2021,28/12/2024,4,5
1532,Logan,Moore,8/6/2020,,3,5
1533,Taylor,Boyd,11/1/2021,,1,3
1534,Vincent,Walker,23/10/2024,,1,4
1535,Teresa,Smith,8/10/2023,,1,3
1536,Sergio,Bruce,5/3/2022,,1,5
1537,Tracy,Kelley,14/08/2022,,1,3
1538,Mary,Velasquez,25/04/2023,,2,4
1539,Patrick,Jackson,25/08/2021,,4,3
1540,Deborah,Anderson,10/6/2023,,1,5
1541,Gary,Peterson,10/6/2023,,3,5
1542,Jonathan,Montoya,22/09/2024,,3,5
1543,Emily,Walsh,23/06/2022,,2,5
1544,Julie,Fernandez,11/9/2023,,1,3
1545,John,Dodson,6/10/2023,7/9/2024,1,3
1546,Roy,Jones,24/07/2022,,3,2
1547,Mark,Henson,15/10/2024,,2,1
1548,Kathryn,Lee,10/10/2022,,2,4
1549,Adam,Finley,7/6/2024,,3,3
1550,Richard,Shaw,27/05/2021,,3,5
1551,James,Guerrero,13/04/2020,,2,5
1552,Alexis,Nguyen,20/10/2021,,1,4
1553,Jeffrey,Garcia,13/04/2024,,1,1
1554,Kimberly,Moore,9/12/2020,,1,5
1555,Michael,Schroeder,14/04/2024,,3,3
1556,Brenda,Perkins,2/12/2022,,3,3
1557,Jeremy,Newman,29/07/2022,30/06/2024,4,2
1558,Sylvia,Michael,28/08/2020,,1,4
1559,Judy,Ali,20/03/2023,,1,5
1560,Christina,Brooks,23/03/2022,6/9/2024,2,2
1561,Lisa,Shah,12/3/2024,,3,2
1562,Karina,Lewis,21/04/2022,,1,2
1563,Robert,Barrett,16/04/2020,5/9/2024,3,2
1564,Krystal,Hartman,7/1/2023,,1,2
1565,Victor,Miller,26/07/2021,,2,4
1566,Clayton,Davis,14/08/2020,,2,1
1567,Kristin,Bowman,20/07/2022,1/4/2024,4,2
1568,Mary,Jenkins,23/01/2020,,3,1
1569,Derrick,Rogers,14/05/2021,,1,3
1570,Jennifer,Jarvis,25/08/2021,,4,1
1571,Austin,Dunn,14/11/2020,,3,4
1572,Amy,Griffin,22/10/2020,,2,1
1573,Jack,Walker,14/03/2023,,3,1
1574,Jeremy,Carlson,1/3/2020,,4,4
1575,Michelle,Lee,18/06/2024,,4,3
1576,April,Greene,6/10/2022,,3,5
1577,Melissa,Miller,18/02/2020,,1,3
1578,Beth,Walker,23/07/2021,,4,2
1579,Kimberly,Garcia,18/07/2022,,1,4
1580,Erika,Washington,23/11/2021,,1,3
1581,Brooke,Bell,11/1/2022,13/01/2024,2,2
1582,Lisa,Koch,16/04/2024,,1,4
1583,Tara,Pineda,17/01/2023,,1,1
1584,Caleb,Odom,21/12/2020,,2,5
1585,Lori,Marquez,27/01/2023,9/8/2024,4,1
1586,Linda,Brown,14/06/2021,,3,5
1587,Jeffery,Mckinney,29/10/2023,,1,2
1588,Susan,Dennis,10/5/2023,,3,3
1589,Michelle,Jackson,30/07/2021,8/6/2024,2,2
1590,Michelle,Hardin,23/06/2020,,2,2
1591,Michael,Davis,17/07/2020,,1,4
1592,Thomas,Carson,24/06/2022,,3,4
1593,Kevin,Shelton,15/09/2021,,1,3
1594,David,Hawkins,25/05/2022,,2,5
1595,John,Evans,19/09/2022,,3,1
1596,Ryan,Murray,22/05/2023,,2,3
1597,Bethany,Mcconnell,2/9/2023,,2,5
1598,Mark,Jones,3/10/2022,,1,1
1599,Kevin,Allen,12/2/2024,,2,5
1600,Caroline,Campbell,9/2/2020,,3,5
1601,Michael,Melendez,26/03/2023,,1,4
1602,Tyler,Wright,3/11/2023,,1,3
1603,Wendy,Stephens,20/06/2021,23/05/2024,3,1
1604,Brittany,Frost,16/10/2023,,3,1
1605,Christopher,Werner,14/02/2020,,1,1
1606,Mindy,York,8/9/2022,19/04/2024,2,1
1607,Jessica,Reid,14/10/2020,,3,4
1608,James,Brown,8/10/2021,,3,5
1609,Jacqueline,Walker,30/01/2024,,2,5
1610,Kimberly,Hayden,30/12/2020,,1,2
1611,Sean,Schroeder,21/06/2022,,4,1
1612,Kevin,Evans,8/11/2022,,3,3
1613,Gregory,Collier,20/12/2023,,4,4
1614,Steven,Brown,9/5/2023,,3,1
1615,Joshua,Mendoza,15/07/2023,,1,1
1616,Melissa,Johnson,6/9/2023,,4,1
1617,Megan,Martinez,9/9/2021,30/07/2024,4,1
1618,Joseph,Taylor,18/05/2023,,1,4
1619,Amanda,Hale,28/10/2022,,3,2
1620,Kyle,Cohen,28/07/2024,,4,5
1621,Jacob,Miller,18/08/2022,,2,1
1622,David,Williams,30/08/2023,,3,4
1623,Kevin,Taylor,6/1/2023,,2,1
1624,Dennis,Smith,4/5/2022,,1,4
1625,Dawn,Hernandez,1/6/2020,,3,5
1626,Melissa,Myers,18/07/2020,,2,3
1627,Brenda,Watkins,1/9/2020,,3,3
1628,Kaitlyn,Hancock,31/05/2021,,2,4
1629,Jason,Washington,11/3/2024,,2,2
1630,Alicia,Allen,31/05/2022,,1,5
1631,Timothy,Warner,3/5/2023,,1,4
1632,Tracey,Edwards,21/04/2023,,2,1
1633,Scott,Shelton,8/2/2024,4/10/2024,3,5
1634,James,Mclaughlin,28/06/2024,,4,1
1635,Michael,Rice,5/10/2020,7/9/2024,1,3
1636,Bradley,Santiago,22/10/2020,,4,3
1637,Sara,Kane,14/03/2022,,3,5
1638,Danielle,Goodman,21/01/2024,,1,1
1639,Dennis,Herrera,10/6/2023,,1,3
1640,Debra,Taylor,2/12/2021,,3,2
1641,Eric,Russell,6/12/2021,,2,5
1642,Jose,Gonzalez,3/7/2021,,4,1
1643,Jason,Garner,9/12/2022,,3,2
1644,Brian,Banks,16/03/2021,,4,5
1645,Holly,Terry,11/1/2023,27/10/2024,1,3
1646,Catherine,Zavala,28/08/2022,14/02/2024,4,4
1647,Stacy,Terrell,19/06/2024,,1,3
1648,Jeffrey,Beck,22/03/2020,,4,4
1649,Aaron,Reeves,25/10/2023,,1,2
1650,Jessica,Cox,25/08/2023,,4,1
1651,Lucas,Miller,2/6/2023,,3,1
1652,Jason,King,10/7/2021,,1,5
1653,Steven,Brown,6/11/2023,,2,2
1654,Sarah,Russo,9/7/2020,,3,4
1655,Mathew,Garcia,8/3/2023,,3,5
1656,Anthony,Rubio,7/6/2021,,1,3
1657,Paul,Dougherty,14/06/2024,25/11/2024,1,3
1658,Steven,Ramos,26/06/2021,,3,1
1659,Amy,Arnold,15/10/2020,,1,4
1660,Rachel,Mcpherson,26/12/2022,,3,2
1661,Natasha,Pacheco,23/11/2021,,2,2
1662,Alicia,Tapia,28/08/2020,,3,2
1663,Andrew,Jenkins,4/2/2024,,4,5
1664,Robert,Mitchell,20/10/2022,,1,4
1665,Justin,Clark,17/01/2024,3/11/2024,4,1
1666,Christopher,Todd,20/07/2021,,2,3
1667,Juan,Oliver,1/11/2021,,2,5
1668,Donna,Torres,2/3/2021,,3,2
1669,William,Foster,24/12/2020,,3,4
1670,Paul,Jacobs,17/07/2022,,2,2
1671,Marilyn,Jordan,27/03/2022,20/06/2024,2,1
1672,Phillip,Wolf,1/7/2022,,1,5
1673,Sara,Bailey,15/09/2021,13/11/2024,4,3
1674,George,Sanders,11/5/2024,,3,1
1675,Catherine,Gray,6/5/2024,,2,3
1676,David,Rivera,13/12/2021,,3,2
1677,Terrence,Jones,15/04/2020,,3,5
1678,Rhonda,Romero,1/11/2020,,3,2
1679,April,Bowman,15/07/2020,,3,4
1680,Austin,Roth,24/03/2022,,3,1
1681,Karen,Tanner,26/02/2020,,1,2
1682,Michael,Perry,25/07/2023,,3,1
1683,Wesley,Miller,3/7/2023,,4,1
1684,Matthew,Thomas,3/6/2020,,1,3
1685,Matthew,Cochran,31/05/2021,,1,4
1686,Sean,Rogers,21/02/2021,,2,1
1687,Alison,Garcia,11/2/2022,,2,5
1688,Travis,Carpenter,18/03/2023,,1,5
1689,Lisa,Miller,3/7/2020,4/6/2024,3,1
1690,Crystal,Williamson,11/9/2023,,4,3
1691,Zachary,Rodriguez,24/10/2020,23/12/2024,2,2
1692,Julie,Beasley,14/11/2023,,3,3
1693,Alex,Garcia,2/9/2022,,1,5
1694,Keith,Kennedy,7/5/2023,,1,3
1695,Donald,Harvey,25/03/2020,,4,1
1696,Mary,Brown,7/7/2021,,4,2
1697,William,Armstrong,5/4/2023,26/07/2024,4,2
1698,Jennifer,Rodriguez,26/10/2022,,2,5
1699,Allison,Torres,13/01/2024,,3,4
1700,Oscar,Collins,7/1/2021,,1,3
1701,Sarah,Hill,25/10/2023,22/09/2024,2,5
1702,Jessica,Rodriguez,19/09/2021,,3,5
1703,Thomas,Page,29/07/2023,,4,2
1704,Brittany,Jones,29/08/2024,,3,5
1705,Christopher,Campbell,9/12/2020,,2,2
1706,Timothy,Mason,14/09/2021,,3,2
1707,Mike,Davenport,13/09/2024,,3,1
1708,Maria,King,27/07/2022,,4,2
1709,Joan,Williams,16/05/2024,,3,4
1710,Joshua,Powers,29/09/2022,,2,3
1711,Sean,Smith,24/04/2020,,1,2
1712,Joshua,Fisher,14/12/2022,,3,5
1713,Jason,Hall,26/12/2020,,3,5
1714,Jennifer,Cooper,22/03/2020,,1,1
1715,Ann,Barrett,27/11/2023,24/05/2024,3,4
1716,Michael,Horne,14/01/2020,,4,4
1717,Sheryl,Anderson,21/04/2020,,2,4
1718,Anthony,Brown,14/12/2023,,1,2
1719,James,Butler,15/09/2023,,2,1
1720,David,Maxwell,4/8/2022,,4,2
1721,Raymond,Vargas,27/01/2021,1/9/2024,4,2
1722,Ashley,Scott,17/08/2023,,4,4
1723,Joy,York,18/04/2021,,2,3
1724,Kimberly,Davis,19/03/2021,,4,4
1725,John,Wilkerson,31/08/2024,,1,4
1726,Alyssa,Sanchez,28/07/2020,,2,5
1727,Jackie,Dominguez,6/8/2020,,3,1
1728,Lisa,Harrington,29/01/2023,,2,1
1729,Craig,Vazquez,11/11/2023,,1,5
1730,Lori,Long,4/1/2024,,3,5
1731,Jean,Martin,20/07/2020,,3,1
1732,Kenneth,Barnes,30/08/2020,,2,3
1733,Heather,King,8/1/2020,,1,2
1734,Heather,Johnson,3/10/2020,,3,1
1735,Allison,Decker,19/07/2021,,4,4
1736,Brooke,Davis,25/02/2020,26/10/2024,2,5
1737,Dennis,Becker,5/1/2021,8/9/2024,3,5
1738,Samuel,Li,25/05/2020,1/6/2024,2,4
1739,Elizabeth,Ochoa,17/04/2020,,2,2
1740,Laura,Shaw,12/7/2024,,1,3
1741,Katherine,Arnold,2/10/2020,,4,2
1742,Emily,Kane,14/02/2023,,1,1
1743,Cynthia,Rivera,12/10/2022,,3,1
1744,Brandon,Gibson,30/04/2021,,2,5
1745,Katrina,Davis,21/05/2023,,1,5
1746,Jennifer,Schroeder,15/02/2021,,3,3
1747,Anita,Davis,3/5/2024,,3,2
1748,Jason,Braun,4/11/2021,,1,1
1749,Spencer,Reyes,13/05/2024,,2,4
1750,Christopher,Rice,3/7/2020,,1,2
1751,Sarah,Adams,23/11/2020,18/01/2024,1,3
1752,Lauren,Edwards,16/09/2021,,2,4
1753,Angela,Murphy,23/12/2020,,1,4
1754,Ryan,Velasquez,31/05/2021,,3,4
1755,Douglas,Pennington,5/8/2021,,2,5
1756,Ryan,Perkins,8/6/2023,,1,5
1757,Jamie,Spears,21/02/2020,2/6/2024,3,2
1758,Cheryl,Johnson,6/7/2023,16/05/2024,1,3
1759,April,Lee,14/06/2021,,4,5
1760,Paul,Taylor,6/3/2023,2/10/2024,1,1
1761,Mitchell,Smith,17/10/2021,,2,2
1762,Leslie,Juarez,12/9/2024,,1,5
1763,Ann,White,24/11/2021,,3,4
1764,Bruce,Lawrence,11/12/2021,2/4/2024,2,1
1765,Scott,Russell,9/3/2024,,1,3
1766,Robert,Gentry,18/03/2021,,4,4
1767,Manuel,Hernandez,7/7/2021,23/04/2024,1,4
1768,Marilyn,Campos,16/09/2022,,3,3
1769,Kristen,Hodge,10/12/2021,,2,2
1770,Laura,Schneider,26/01/2024,,3,1
1771,Sherry,Young,17/12/2023,,4,5
1772,Jenny,Sanford,17/01/2024,,2,5
1773,Deborah,West,15/10/2021,,4,3
1774,Colin,Carrillo,24/05/2020,,4,3
1775,Renee,Kelly,2/2/2022,,4,3
1776,Raven,Johnson,6/7/2023,,3,4
1777,Rachel,Williams,30/03/2021,,3,4
1778,Sheryl,Bond,13/11/2023,,4,2
1779,Christina,Carlson,5/7/2021,19/03/2024,4,1
1780,Hannah,Thompson,17/08/2021,,2,1
1781,Andrew,Wilson,11/2/2022,,1,5
1782,Michael,Santiago,19/11/2024,,2,3
1783,Kimberly,James,7/9/2020,15/10/2024,4,2
1784,Johnny,Williamson,22/09/2024,,1,3
1785,Kimberly,Miller,13/04/2024,,1,3
1786,Jamie,Potts,7/11/2020,10/5/2024,2,1
1787,Levi,Odom,2/6/2022,,2,4
1788,John,Hoffman,28/10/2021,,3,1
1789,Evelyn,Jackson,21/08/2022,,1,3
1790,Kristie,Page,21/11/2023,,2,4
1791,Timothy,Miller,14/07/2024,,3,4
1792,Jessica,Reyes,11/11/2023,,2,5
1793,Lauren,Leon,9/3/2024,,2,4
1794,Paul,Payne,20/03/2023,,1,5
1795,Lisa,Ryan,6/12/2022,,3,3
1796,Adam,Edwards,11/2/2020,,1,5
1797,Margaret,Montgomery,24/09/2023,13/06/2024,3,3
1798,Tiffany,Owens,19/10/2020,,1,1
1799,Mark,Cohen,8/3/2020,,2,5
1800,Alex,Gutierrez,12/4/2023,,3,4
1801,Megan,Young,18/02/2023,,1,3
1802,Matthew,Miller,17/08/2022,,2,1
1803,Matthew,Pena,21/04/2024,,1,2
1804,William,Potter,28/06/2020,,4,3
1805,Jamie,Bradshaw,29/03/2021,,2,1
1806,David,Carr,29/09/2020,,1,2
1807,Katie,Walters,22/04/2021,,2,1
1808,Steven,Randolph,26/03/2021,,4,2
1809,Lindsey,Romero,8/11/2023,,4,5
1810,John,Middleton,10/5/2023,,2,1
1811,Wanda,Houston,6/3/2021,,4,2
1812,Kevin,Faulkner,20/02/2023,,1,4
1813,Gregory,Smith,7/3/2023,,3,1
1814,Samuel,Thompson,17/04/2022,,1,5
1815,Vanessa,Brewer,22/12/2021,26/02/2024,2,1
1816,Julia,Hardy,22/11/2021,5/7/2024,3,3
1817,Michael,Owens,14/07/2021,,3,2
1818,Brandon,Richmond,2/1/2020,,1,3
1819,Eric,Crosby,26/12/2021,,3,1
1820,Ricky,Cole,7/11/2024,8/12/2024,1,1
1821,Ann,Keller,24/11/2023,11/1/2024,3,5
1822,Randall,Murillo,31/08/2024,,3,5
1823,Diane,Martinez,13/07/2024,,1,3
1824,Ashley,Martinez,30/10/2022,,1,3
1825,Mary,Newton,3/11/2024,25/11/2024,2,4
1826,Christina,Harris,26/07/2024,14/09/2024,1,1
1827,Amanda,Rocha,7/6/2020,,1,4
1828,Jonathan,Shaw,24/12/2021,,3,5
1829,James,Lee,3/4/2023,,3,4
1830,Alicia,Decker,20/12/2023,,2,2
1831,Jessica,Heath,14/11/2020,4/4/2024,3,5
1832,Ryan,Smith,1/7/2023,,4,4
1833,Jamie,Rivera,11/3/2023,13/11/2024,1,4
1834,Paul,Kirk,21/02/2023,,2,4
1835,Micheal,Aguilar,10/8/2023,,4,2
1836,Andrew,Jensen,8/6/2023,,3,3
1837,Crystal,Martin,11/5/2021,,3,3
1838,Billy,Hogan,6/8/2022,,4,4
1839,Mark,Hoffman,27/10/2024,,1,1
1840,Hector,Porter,4/8/2020,,2,2
1841,Amy,Winters,20/03/2020,20/07/2024,2,5
1842,Edward,Fuentes,28/05/2022,,1,1
1843,Heather,Reed,2/4/2023,,3,3
1844,Christina,Beck,7/7/2021,,2,4
1845,Kimberly,Lopez,20/08/2024,,1,2
1846,Robert,Mendez,7/4/2021,,2,3
1847,Jason,Walker,9/11/2024,,3,4
1848,Wesley,Moore,19/05/2020,,2,3
1849,Jennifer,Schmidt,31/10/2020,,1,1
1850,Colton,Calderon,26/02/2020,18/09/2024,3,4
1851,Anthony,Lindsey,16/06/2022,,3,3
1852,Kyle,Gonzalez,27/08/2021,,4,2
1853,Tammy,Leblanc,29/06/2023,7/6/2024,2,5
1854,Adrian,Clark,25/10/2020,,4,4
1855,Daniel,Gutierrez,26/06/2021,28/12/2024,3,1
1856,Michael,Cruz,15/03/2024,,4,5
1857,Jennifer,Martinez,29/01/2022,,3,1
1858,Christopher,Cook,12/9/2022,,3,4
1859,Oscar,Green,14/01/2020,,2,5
1860,Robert,Bowman,11/2/2021,,1,3
1861,Philip,Howard,13/04/2021,,3,3
1862,Preston,Hughes,9/1/2023,,4,3
1863,Margaret,Griffin,16/07/2024,,3,5
1864,Melissa,Wiley,17/09/2021,,2,2
1865,Michelle,Silva,8/11/2021,,1,5
1866,Nina,Stone,25/04/2021,,1,5
1867,Samantha,Stephens,5/1/2020,,2,3
1868,Lindsay,Smith,5/12/2021,,1,5
1869,Allen,Pace,21/01/2023,,2,4
1870,Kristine,Turner,26/11/2021,,2,2
1871,Daniel,Hernandez,10/8/2023,,2,2
1872,Patricia,Duncan,18/04/2023,,4,3
1873,Eric,Strong,13/08/2020,23/07/2024,1,2
1874,Robert,Ford,16/11/2023,26/11/2024,1,1
1875,Thomas,Durham,14/07/2023,,4,4
1876,Erin,Williams,17/08/2021,,1,2
1877,Kathy,Brown,18/06/2020,,2,4
1878,Sydney,Jefferson,26/02/2021,,3,4
1879,Cheryl,Wilson,8/11/2020,,2,4
1880,Justin,Bennett,20/08/2020,,2,3
1881,Ray,Bailey,28/10/2024,,2,1
1882,Tyler,Molina,5/10/2020,,4,2
1883,Megan,White,12/9/2020,,1,5
1884,Brandi,Reyes,13/10/2024,,1,1
1885,James,Winters,17/09/2023,,3,1
1886,Laurie,Thompson,24/10/2023,30/06/2024,4,1
1887,Bryan,Coleman,11/3/2024,,3,3
1888,Sarah,Calderon,23/07/2022,19/03/2024,1,5
1889,Sheena,Frye,10/3/2024,,2,1
1890,Michelle,White,19/11/2023,,3,5
1891,Robert,Parker,16/03/2024,,1,3
1892,Jenny,Lowery,23/02/2023,,1,4
1893,Lisa,Johnson,24/02/2023,,2,3
1894,James,Patterson,18/01/2020,,4,3
1895,Larry,Stewart,20/04/2020,,1,5
1896,Sandra,Case,12/9/2021,,3,5
1897,Ashley,Rojas,20/08/2021,,3,5
1898,Jacqueline,Morales,25/03/2024,,1,3
1899,Connor,Long,19/10/2022,,3,3
1900,Eric,Young,2/4/2020,,1,1
1901,Peter,Daniel,11/9/2021,,1,2
1902,Audrey,Cole,10/11/2020,29/12/2024,1,3
1903,Joseph,Sharp,2/5/2022,,1,2
1904,Jerry,Bowman,18/09/2022,,3,4
1905,Erika,Hopkins,24/05/2024,,1,2
1906,Nicole,Vang,16/06/2024,,3,1
1907,Tanya,Scott,25/12/2023,,1,2
1908,Jeffrey,Marquez,28/02/2021,,4,4
1909,Seth,Roberts,9/10/2021,,2,4
1910,Manuel,Ortiz,29/12/2020,,2,2
1911,Amanda,Fletcher,24/10/2023,3/11/2024,3,3
1912,Mitchell,Jones,6/8/2021,12/2/2024,1,1
1913,Joanna,Alexander,7/5/2023,,2,4
1914,Christopher,Peterson,9/3/2024,,3,5
1915,Diana,Sanford,20/03/2020,,3,4
1916,Jessica,Bishop,2/4/2024,31/08/2024,1,4
1917,Laura,Bell,8/7/2024,,4,4
1918,Tracy,Chandler,3/8/2022,,2,5
1919,Ronald,White,2/1/2024,,1,5
1920,Mary,Smith,17/09/2020,,4,4
1921,Marcus,Lee,6/9/2023,,3,3
1922,Lisa,Lowery,3/9/2020,,1,1
1923,Jonathan,Jensen,21/06/2023,,3,4
1924,Lori,Thomas,5/11/2020,,3,5
1925,Carrie,Randolph,9/10/2020,,3,2
1926,Ashley,Rodriguez,9/1/2022,,1,1
1927,Dawn,Johnson,6/4/2024,,1,1
1928,Justin,Chase,11/10/2024,,3,3
1929,Amanda,Wilkinson,19/09/2020,9/6/2024,1,2
1930,Ethan,Johnson,27/10/2021,,3,1
1931,Justin,Ellis,3/8/2022,,3,2
1932,Stephanie,Chen,23/09/2022,24/04/2024,3,1
1933,Tanya,Kerr,3/2/2020,,3,4
1934,Jorge,Brown,8/10/2021,,4,5
1935,Deborah,Chase,1/10/2021,,1,1
1936,Ryan,Phillips,5/4/2021,,1,4
1937,Theodore,Bonilla,11/12/2023,,1,4
1938,Ronald,Rivera,12/6/2023,,1,4
1939,Angela,Campbell,26/10/2023,,3,3
1940,Theodore,Ball,19/08/2023,,3,3
1941,Lindsay,Cameron,25/10/2020,,2,3
1942,Scott,Hunter,19/07/2022,,1,3
1943,Adam,Woods,8/9/2024,,1,2
1944,Jamie,Howell,17/04/2022,27/01/2024,1,4
1945,Juan,Jordan,13/09/2020,,3,4
1946,Brenda,Hopkins,20/09/2023,,3,4
1947,Wendy,Perry,16/03/2021,3/5/2024,1,1
1948,Jason,Jones,28/02/2022,10/8/2024,3,4
1949,Eric,Elliott,15/10/2021,,2,1
1950,April,Bowen,2/10/2020,,3,3
1951,Tyrone,Mcgrath,1/10/2021,,2,4
1952,Jennifer,Hernandez,1/7/2021,,3,4
1953,Laura,Coleman,30/11/2020,,2,1
1954,Scott,Weiss,28/06/2021,11/10/2024,1,4
1955,Albert,Sanchez,3/4/2020,,3,3
1956,Michael,Mendez,3/2/2020,,2,1
1957,Ashley,Armstrong,31/08/2023,,4,1
1958,Kari,Williams,24/08/2024,9/12/2024,4,3
1959,Austin,Ferguson,15/03/2024,,2,3
1960,Shane,Sutton,16/09/2022,,1,1
1961,Taylor,English,4/8/2024,,3,3
1962,Kelli,Smith,1/3/2024,,4,3
1963,Joshua,Armstrong,2/11/2024,,4,4
1964,Julie,Smith,30/06/2024,8/12/2024,1,2
1965,Michelle,Martinez,1/2/2021,,4,2
1966,Scott,Tucker,30/04/2022,,1,5
1967,Michael,Hester,31/05/2023,,2,4
1968,Colleen,Gomez,12/5/2020,17/03/2024,1,3
1969,Nathan,Taylor,18/10/2022,,3,1
1970,Paul,Nichols,23/01/2020,,1,5
1971,Barry,Cooper,27/06/2022,15/09/2024,3,5
1972,David,Castro,29/04/2024,20/08/2024,3,1
1973,Alexandra,Frank,9/3/2020,,1,1
1974,Susan,Nelson,16/10/2023,,4,1
1975,Christina,Browning,22/07/2023,,3,1
1976,Kevin,Walters,16/03/2024,,1,3
1977,James,Sanchez,12/3/2024,,1,5
1978,Stephanie,Daniels,18/07/2022,3/9/2024,3,1
1979,Samuel,Martin,9/2/2021,,3,5
1980,Sandra,Keller,21/10/2023,,4,4
1981,Melissa,Mullins,11/11/2024,,4,4
1982,Bradley,Downs,27/03/2021,,4,5
1983,Shelley,Martinez,2/7/2021,,2,2
1984,Kathleen,Peterson,31/05/2020,7/2/2024,3,3
1985,Bradley,Fleming,18/01/2020,,1,4
1986,Tiffany,Miller,6/1/2024,,2,2
1987,Patrick,Haynes,4/11/2022,9/12/2024,4,1
1988,Caleb,Medina,7/12/2023,,3,5
1989,Mckenzie,Wilson,28/01/2022,22/02/2024,1,4
1990,Stephanie,Smith,17/10/2020,,1,1
1991,Kristin,Miller,28/03/2020,,3,3
1992,Andrew,Smith,30/03/2023,,4,4
1993,Richard,Conley,28/04/2022,,1,3
1994,Amanda,Coffey,31/01/2023,,2,2
1995,Michael,Lin,30/08/2022,,1,2
1996,Darlene,Lee,25/11/2020,,3,1
1997,Lauren,Gomez,2/7/2023,,3,3
1998,Robert,Buckley,3/2/2024,2/4/2024,3,2
1999,Thomas,Fuentes,11/5/2021,,3,1
2000,Lucas,Brock,4/7/2024,,4,5
